-- phpMyAdmin SQL Dump
-- version 4.1.12
-- http://www.phpmyadmin.net
--
-- Host: localhost
-- Generation Time: Aug 17, 2014 at 04:52 PM
-- Server version: 5.6.19-log
-- PHP Version: 5.5.13

SET SQL_MODE = "NO_AUTO_VALUE_ON_ZERO";
SET time_zone = "+00:00";


/*!40101 SET @OLD_CHARACTER_SET_CLIENT=@@CHARACTER_SET_CLIENT */;
/*!40101 SET @OLD_CHARACTER_SET_RESULTS=@@CHARACTER_SET_RESULTS */;
/*!40101 SET @OLD_COLLATION_CONNECTION=@@COLLATION_CONNECTION */;
/*!40101 SET NAMES utf8 */;

--
-- Database: `los-angeles`
--

-- --------------------------------------------------------

--
-- Table structure for table `samp_admin_log`
--

CREATE TABLE IF NOT EXISTS `samp_admin_log` (
  `id` int(10) unsigned NOT NULL AUTO_INCREMENT,
  `title` varchar(50) NOT NULL,
  `log` text NOT NULL,
  `date` datetime NOT NULL,
  `ip` varchar(16) NOT NULL,
  PRIMARY KEY (`id`)
) ENGINE=InnoDB DEFAULT CHARSET=latin1 AUTO_INCREMENT=1 ;

-- --------------------------------------------------------

--
-- Table structure for table `samp_adverts`
--

CREATE TABLE IF NOT EXISTS `samp_adverts` (
  `id` int(10) unsigned NOT NULL AUTO_INCREMENT,
  `advert` text NOT NULL,
  `owner` varchar(25) NOT NULL,
  PRIMARY KEY (`id`)
) ENGINE=InnoDB DEFAULT CHARSET=latin1 AUTO_INCREMENT=1 ;

-- --------------------------------------------------------

--
-- Table structure for table `samp_arrests`
--

CREATE TABLE IF NOT EXISTS `samp_arrests` (
  `id` int(11) NOT NULL AUTO_INCREMENT,
  `user` varchar(25) NOT NULL,
  `time` int(11) NOT NULL,
  `reason` char(128) NOT NULL,
  PRIMARY KEY (`id`)
) ENGINE=InnoDB DEFAULT CHARSET=latin1 AUTO_INCREMENT=1 ;

-- --------------------------------------------------------

--
-- Table structure for table `samp_bans`
--

CREATE TABLE IF NOT EXISTS `samp_bans` (
  `user` varchar(25) NOT NULL,
  `reason` text NOT NULL,
  `admin` varchar(25) NOT NULL,
  `date` datetime NOT NULL,
  `ip` varchar(17) NOT NULL
) ENGINE=InnoDB DEFAULT CHARSET=latin1;

-- --------------------------------------------------------

--
-- Table structure for table `samp_businesses`
--

CREATE TABLE IF NOT EXISTS `samp_businesses` (
  `id` int(10) NOT NULL AUTO_INCREMENT,
  `x` float NOT NULL,
  `y` float NOT NULL,
  `z` float NOT NULL,
  `interior` int(11) NOT NULL,
  `price` int(11) NOT NULL,
  `money` int(11) NOT NULL,
  `owner` varchar(25) NOT NULL,
  `name` text NOT NULL,
  `fee` int(11) NOT NULL,
  `housenumber` int(11) NOT NULL,
  `street` text NOT NULL,
  `zip` int(11) NOT NULL,
  `taxes` int(11) NOT NULL,
  `factionbusiness` int(11) NOT NULL,
  PRIMARY KEY (`id`)
) ENGINE=InnoDB  DEFAULT CHARSET=latin1 AUTO_INCREMENT=225 ;

--
-- Dumping data for table `samp_businesses`
--

INSERT INTO `samp_businesses` (`id`, `x`, `y`, `z`, `interior`, `price`, `money`, `owner`, `name`, `fee`, `housenumber`, `street`, `zip`, `taxes`, `factionbusiness`) VALUES
(1, 2309.63, -1643.67, 14.827, 57, 150000, 4485, 'The_State', 'Business', 0, 228, 'Grove St', 90216, 150, 0),
(3, 2174.65, -1741.81, 13.5507, 48, 100000, 5700, 'Kiel_Barksdale', 'Radio Shack', 20, 1006, 'SA BVLD', 90218, 100, 0),
(5, 2244.56, -1664.66, 15.4766, 39, 200000, 0, '', 'Binco', 0, 231, 'Grove St.', 90216, 200, 0),
(7, 2229.91, -1721.27, 13.5614, 0, 85000, 7656, 'Leroy_Rodriguez', 'Yayo''s Boxing GYM', 50, 1082, 'Liverpool Rd', 90218, 210, 0),
(9, 2129.96, -1761.96, 13.5625, 60, 95000, 2679, '', 'Business', 0, 1008, 'SA BVLD', 90218, 75, 0),
(11, 2070.73, -1793.86, 13.5469, 6, 50000, 102, '', 'Jimmy''s Barber-Shop.', 20, 1009, 'Guantanemo Ave', 90218, 50, 0),
(13, 2068.58, -1779.83, 13.5596, 35, 50000, 85, '', 'Business', 0, 1011, 'Guantanemo Ave', 90218, 50, 0),
(15, 2105.47, -1806.51, 13.5547, 13, 150000, 50, '', 'Martinez Pizzeria', 50, 1010, 'Guantanemo Ave', 90218, 150, 0),
(17, 1836.18, -1682.77, 13.3588, 34, 450000, 250, '', 'Club Focus.', 0, 9091, 'Washington St', 90214, 450, 0),
(19, 1928.61, -1775.31, 13.5469, 11, 70000, 0, 'Jessan_Lomax', 'Business', 0, 1085, 'Gates Rd', 90218, 70, 0),
(21, 1940, -2115.97, 13.6953, 8, 100000, 0, '', 'Business', 0, 1054, 'Gates Rd', 90218, 100, 0),
(23, 1945.13, -2042.87, 14.0559, 40, 95000, 9, '', 'Business', 0, 1048, 'Aces St', 90218, 95, 0),
(25, 1352.4, -1759.25, 13.5078, 27, 135000, 0, '', 'Business', 0, 1938, 'San Andreas Blvd', 90218, 135, 0),
(27, 2421.56, -1219.24, 25.5615, 22, 185000, 1514, 'Lance_Brown', 'Pig Pen', 0, 1049, 'Caeser Rd', 90216, 185, 0),
(29, 2348.47, -1373.21, 24.3984, 57, 125000, 175, '', 'Business', 0, 1012, 'Carson St', 90216, 125, 0),
(31, 2233.29, -1159.81, 25.8906, 37, 250000, 982, 'The_State', 'Jefferson Motel', 0, 1934, 'E Broadway', 90216, 250, 0),
(35, 2091.3, -1905.59, 13.5469, 40, 70000, 524, 'Desmond_Kane', 'Six Grands', 0, 1190, 'Guantanemo Street', 90218, 70, 0),
(37, 2400.51, -1981.97, 13.5469, 20, 175000, 73, 'The_State', 'Ammu-nation', 0, 1001, 'High St', 90216, 175, 0),
(39, 2424.38, -1997.35, 13.5547, 36, 150000, 38, '', 'Business', 0, 1034, 'Tar St', 90218, 150, 0),
(41, 1368.95, -1279.77, 13.5469, 20, 175000, 2670, 'The_State', 'Ammu-nation', 0, 1034, 'St-Lawrence Bvld', 90212, 175, 0),
(43, 561.552, -1506.72, 14.5485, 33, 350000, 169, '', 'Business', 0, 1015, 'Soho Drive', 90211, 150, 0),
(45, 511.756, -1510.95, 14.5669, 28, 200000, 35, '', 'Business', 0, 1116, 'Soho Dr', 90211, 200, 0),
(47, 461.703, -1500.79, 31.0454, 16, 200000, 3, '', 'Business', 0, 1118, 'Royal Dr', 90211, 200, 0),
(49, 776.398, -1036.19, 24.2749, 60, 250000, 17, '', 'Business', 0, 1123, 'West Broadway', 90210, 250, 0),
(51, 681.585, -473.872, 16.5363, 57, 125000, 2, '', 'Business', 0, 6079, 'Salem St', 90208, 110, 0),
(53, 672.086, -496.753, 16.3359, 26, 35000, 360, '', 'Business', 0, 1193, 'Main St', 90208, 35, 0),
(55, 1038.18, -1340.73, 13.7451, 14, 100000, 3467, 'The_State', 'Business', 0, 1192, 'Rodeo Dr', 90212, 100, 0),
(57, 1832.88, -1842.49, 13.5781, 11, 120000, 120, 'The_State', 'Business', 0, 7081, 'Washington St', 90218, 120, 0),
(59, 1948.98, -1985.08, 13.5469, 60, 60000, 14, '', 'Business', 0, 1923, 'Gates Rd', 90218, 70, 0),
(61, 1976.04, -1922.67, 13.5469, 60, 75000, 22, '', 'Bar Eighty Seven', 5, 1179, 'Washington St', 90218, 75, 0),
(63, 2397.73, -1898.77, 13.5469, 55, 150000, 0, '', 'Business', 0, 5035, 'Atlantic Ave', 90217, 100, 0),
(67, 2423.7, -1742.38, 13.5469, 17, 125000, 25, 'The_State', 'General Store', 0, 5025, 'Atlantic Ave', 90216, 125, 0),
(71, 2424.81, -1922.24, 13.5387, 51, 90000, 363, '', 'Business', 0, 1102, 'St Francis St', 90218, 90, 0),
(73, 928.916, -1352.96, 13.3438, 55, 100000, 0, '', 'Business', 0, 1536, 'Liberty Ave', 90212, 100, 0),
(75, 985.677, -1384.48, 13.6375, 48, 140000, 0, '', 'Business', 0, 1123, 'Pasadena Blvd', 90212, 140, 0),
(77, 2481.7, -1758.02, 13.5469, 57, 45000, 78, '', 'Business', 0, 1293, 'Liverpool Rd', 90218, 75, 0),
(79, 2265.01, -1671.32, 15.3594, 6, 45000, 44, '', 'Barber Salon', 0, 229, 'Grove St', 90218, 45, 0),
(81, 1567.97, -1898.01, 13.5609, 59, 75000, 0, '', 'Business', 0, 58, 'Metropolitan Avenue', 90215, 75, 0),
(83, 1976.64, -2042.05, 13.5469, 11, 85000, 0, '', 'Business', 0, 2027, 'Gates Rd', 90218, 85, 0),
(85, 810.524, -1616.19, 13.5469, 24, 100000, 0, '', 'Business', 0, 192, 'Panopticon Rd', 90213, 100, 0),
(87, 1398.7, -1881.78, 13.5469, 17, 120000, 232, '', 'Business', 0, 1191, 'TBA', 90214, 120, 0),
(91, 2292.29, -1722.69, 13.5469, 58, 90000, 1, '', 'Business', 0, 1080, 'Liverpool Rd', 90216, 90, 0),
(93, 2424.08, -1954.94, 13.5469, 11, 150000, 160, '', 'Business', 0, 794, 'Atlantic AVE', 90216, 250, 0),
(99, 1199.15, -918.153, 43.1238, 24, 150000, 0, '', 'Business', 0, 1512, 'West broadway', 90209, 50, 0),
(101, 1111.5, -976.446, 42.7656, 29, 100000, 50, 'Hash_Test', '"SMOKEBOX"', 0, 251, 'West broadway', 90209, 100, 0),
(103, 1087.64, -922.482, 43.3906, 8, 95000, 0, '', 'Business', 0, 6126, 'West broadway', 90209, 50, 0),
(105, 1000.6, -919.949, 42.3281, 11, 250000, 0, '', 'Business', 0, 8214, 'W Broadway', 90209, 250, 0),
(107, 951.078, -909.212, 45.7656, 59, 250000, 0, '', 'Business', 0, 9912, 'West broadway', 90209, 100, 0),
(109, 857.423, -978.782, 37.1875, 12, 90000, 0, '', 'Business', 0, 9921, 'West broadway', 90209, 50, 0),
(111, 1022.44, -1121.43, 23.8701, 23, 500000, 0, 'DaMaze_Rockworth', 'Casino', 0, 9144, 'West Vinewood', 90211, 200, 0),
(113, 1075.43, -1158.96, 23.8281, 24, 150000, 0, '', 'Business', 0, 7212, 'West Vinewood', 90211, 100, 0),
(115, 1122.93, -1127.4, 23.8047, 2, 200000, 0, '', 'Business', 0, 8812, 'West Vinewood', 90211, 250, 0),
(117, 1222.99, -1129.83, 23.9967, 34, 150000, 0, '', 'Business', 0, 7721, 'West vinewood', 90211, 150, 0),
(119, 2112.89, -1211.46, 23.9629, 21, 80000, 0, '', 'Business', 0, 113, 'St George Rd', 90216, 80, 0),
(121, 1292.08, -1131.36, 23.8281, 22, 450000, 0, '', 'Business', 0, 7124, 'W.Vinewood', 90211, 250, 0),
(123, 2095.96, -1211.58, 23.963, 48, 90000, 0, '', 'Business', 0, 111, 'St George Rd', 90216, 90, 0),
(125, 1009.27, -1295.58, 13.5469, 45, 90000, 0, 'Treyvon_King', 'Business', 0, 6612, 'Rodeo RD', 90211, 100, 0),
(127, 994.207, -1295.59, 13.5469, 21, 100000, 0, '', 'Business', 0, 7652, 'Rodeo DR', 90211, 100, 0),
(129, 987.117, -1295.58, 13.5469, 9, 95000, 0, '', 'Business', 0, 6245, 'RODEO DR', 90211, 150, 0),
(131, 953.864, -1336.83, 13.5389, 1, 170000, 0, '', 'Business', 0, 5521, 'Rodeo RD', 90211, 250, 0),
(133, 475.641, -1279.21, 16.4824, 4, 150000, 0, '', 'Business', 0, 5012, 'West broadway', 90210, 150, 0),
(135, 279.744, -1435.34, 13.9815, 60, 250000, 0, '', 'Business', 0, 5521, 'West broadway', 90210, 150, 0),
(137, 873.89, -1565.48, 13.5333, 36, 120000, 0, '', 'Business', 0, 3049, 'Panopticon Rd', 90213, 120, 0),
(139, 2255.52, -2387.41, 17.4219, 44, 9999999, 0, '', 'Business', 0, 5235, 'MEAT FACTORY', 90218, 55, 0),
(141, 2521.53, -1272.84, 34.8935, 30, 1000000, 0, '', 'Business', 0, 125, 'Freedom ST', 90216, 50, 0),
(143, 2354.55, -1511.53, 24, 2, 120000, 0, '', 'Business', 0, 5212, 'Kennedy AVE', 90216, 150, 0),
(145, 2419.7, -1509.06, 24, 55, 250000, 0, '', 'Business', 0, 6662, 'Atlantic AVE', 90216, 100, 0),
(147, 2522.42, -1526.27, 24.2236, 60, 100000, 0, '', 'Business', 0, 7814, 'Pilon ST', 90216, 150, 0),
(149, 2522.43, -1537.99, 24.2246, 27, 150000, 0, '', 'Business', 0, 7812, 'Pilon ST', 90216, 150, 0),
(151, 2522.43, -1545.47, 24.2246, 12, 100000, 0, '', 'Business', 0, 7810, 'Pilon ST', 90216, 150, 0),
(153, 2414.66, -1425.81, 23.985, 44, 9999999, 0, '', 'Business', 0, 7716, 'Carson ST', 90216, 50, 0),
(157, 2139.42, -1176.87, 23.9922, 17, 125000, 0, '', 'Business', 0, 115, 'St George Rd', 90216, 125, 0),
(159, 2850.95, -1532.47, 11.0991, 33, 250000, 0, '', 'Business', 0, 6415, 'Santa Monica blvd', 90216, 100, 0),
(161, 2724.46, -2026.51, 13.5547, 6, 70000, 0, '', 'Business', 0, 179, 'South ST', 90217, 25, 0),
(163, 2723.86, -2033.78, 13.5472, 11, 120000, 0, '', 'Business', 0, 129, 'South ST', 90217, 60, 0),
(165, 2144.35, -1904.05, 13.5531, 18, 999999, 0, '', 'Business', 0, 194, 'John ST', 90216, 50, 0),
(167, 1949.12, -2062.13, 13.5469, 0, 55000, 0, '', 'Business', 0, 192, 'Aces ST', 90218, 50, 0),
(169, 1952.02, -2004.03, 13.5469, 11, 140000, 0, '', 'Business', 0, 102, 'Gates ST', 90218, 50, 0),
(171, 1976.65, -2036.52, 13.5469, 10, 70000, 0, '', 'Business', 0, 111, 'Gates ST', 90218, 50, 0),
(175, 1848.33, -1871.73, 13.5781, 42, 90000, 0, '', 'Business', 0, 194, 'Washington ST', 90218, 60, 0),
(187, 823.995, -1588.26, 13.5436, 45, 100000, 0, '', 'Business', 0, 1181, 'Olympic Blvd', 90218, 100, 0),
(197, 1631.73, -1172.93, 24.0843, 3, 100000, 0, '', 'Business', 0, 7090, 'E Vinewood Rd', 90214, 100, 0),
(199, 2361.4, -1332.44, 24.0044, 57, 40000, 0, 'Joseph_Mulligan', 'Business', 0, 111, 'Fame St', 90216, 40, 0),
(201, 2441.38, -1376.13, 24, 40, 35000, 50, 'Ken_Harper', 'Mon Cheri', 0, 123, 'St Catherine St', 90216, 35, 0),
(205, 1367.5, 248.309, 19.5669, 13, 150000, 0, '', 'Business', 0, 910, 'Kay St', 90208, 150, 0),
(207, 712.063, -498.859, 16.3359, 45, 100, 0, 'Daniel_McCarthy', 'Business', 0, 1, 'Dillimore', 90218, 2, 0),
(210, 2151.63, -1014.59, 62.7518, 11, 200000, 0, '', 'Business', 0, 8923, 'San Pedro Ave', 90216, 200, 0),
(211, 1315.41, -897.681, 39.5781, 17, 145000, 0, '', 'Business', 0, 6535, 'W. Broadway', 90212, 145, 0),
(212, 1277.65, -1228.87, 14.4024, 60, 120000, 0, '', 'Business', 0, 2352, 'Holy Cross Ave', 90209, 150, 0),
(213, 1584.3, -2165.09, 13.8073, 17, 145000, 0, '', 'Business', 0, 38, 'Hindenburg N.', 90218, 45, 0),
(214, 1031.86, -1435.25, 13.5546, 60, 150000, 0, '', 'Business', 0, 1111, 'Market St', 90209, 150, 0),
(217, 1001.52, -1295.97, 13.5469, 60, 80000, 75, '', 'Rodeo Bar', 25, 5223, 'Rodeo RD', 90211, 10, 0),
(218, 1170.91, -1489.59, 22.7551, 28, 150000, 0, '', 'Business', 0, 134, 'LA Mall', 90212, 400, 0),
(219, 1365.85, -1438.51, 13.5469, 22, 130000, 0, '', 'Business', 0, 1423, 'Market St', 90209, 150, 0),
(220, 1676.56, -1582.72, 13.5469, 3, 100000, 0, '', 'Business', 0, 1176, 'Commerce St', 90215, 100, 0),
(221, 1720.32, -1741.16, 13.5469, 59, 250000, 0, '', 'Business', 0, 1241, 'Commerce St', 90215, 250, 0),
(222, 1989.49, -1761.5, 13.5469, 11, 235000, 0, '', 'Business', 0, 11231, 'Inglewood St', 90218, 250, 0),
(223, 1106.19, -299.73, 74.5391, 60, 100000, 70, '', 'Business', 50, 23, 'Hilltop Farm', 90208, 40, 0),
(224, 1555.55, -1200.68, 20.0147, 60, 75000, 0, '', 'Business', 0, 25, 'Downtown Los Santos', 90214, 50, 0);

-- --------------------------------------------------------

--
-- Table structure for table `samp_cell_contacts`
--

CREATE TABLE IF NOT EXISTS `samp_cell_contacts` (
  `id` int(11) NOT NULL AUTO_INCREMENT,
  `cellphone` int(11) NOT NULL,
  `contact` varchar(25) NOT NULL,
  `number` int(11) NOT NULL,
  PRIMARY KEY (`id`)
) ENGINE=InnoDB DEFAULT CHARSET=latin1 AUTO_INCREMENT=1 ;

-- --------------------------------------------------------

--
-- Table structure for table `samp_cell_notes`
--

CREATE TABLE IF NOT EXISTS `samp_cell_notes` (
  `id` int(11) NOT NULL AUTO_INCREMENT,
  `number` int(11) NOT NULL,
  `note` text NOT NULL,
  `date` date NOT NULL,
  PRIMARY KEY (`id`)
) ENGINE=InnoDB DEFAULT CHARSET=latin1 AUTO_INCREMENT=1 ;

-- --------------------------------------------------------

--
-- Table structure for table `samp_charges`
--

CREATE TABLE IF NOT EXISTS `samp_charges` (
  `user` varchar(25) NOT NULL,
  `reason` text NOT NULL,
  `date` date NOT NULL
) ENGINE=InnoDB DEFAULT CHARSET=latin1;

-- --------------------------------------------------------

--
-- Table structure for table `samp_clothes`
--

CREATE TABLE IF NOT EXISTS `samp_clothes` (
  `owner` varchar(24) NOT NULL,
  `item` int(11) NOT NULL,
  `X` float NOT NULL,
  `Y` float NOT NULL,
  `Z` float NOT NULL,
  `rX` float NOT NULL,
  `rY` float NOT NULL,
  `rZ` float NOT NULL,
  `sX` float NOT NULL,
  `sY` float NOT NULL,
  `sZ` float NOT NULL
) ENGINE=InnoDB DEFAULT CHARSET=latin1;

-- --------------------------------------------------------

--
-- Table structure for table `samp_deaths`
--

CREATE TABLE IF NOT EXISTS `samp_deaths` (
  `user` varchar(25) NOT NULL,
  `killer` varchar(25) NOT NULL,
  `reason` text NOT NULL,
  `date` date NOT NULL
) ENGINE=InnoDB DEFAULT CHARSET=latin1;

-- --------------------------------------------------------

--
-- Table structure for table `samp_factionranks`
--

CREATE TABLE IF NOT EXISTS `samp_factionranks` (
  `id` int(11) NOT NULL,
  `rank` int(11) NOT NULL,
  `name` varchar(30) NOT NULL
) ENGINE=InnoDB DEFAULT CHARSET=latin1;

--
-- Dumping data for table `samp_factionranks`
--

INSERT INTO `samp_factionranks` (`id`, `rank`, `name`) VALUES
(1, 1, 'Academy Cadet'),
(1, 2, 'Police Officer I'),
(1, 3, 'Police Officer II'),
(1, 4, 'Police Officer III'),
(1, 5, 'Detective I'),
(1, 6, 'Detective II'),
(1, 7, 'Senior Lead Officer'),
(1, 8, 'Sergeant I'),
(1, 9, 'Sergeant II'),
(1, 10, 'Detective III'),
(1, 11, 'Sergeant III'),
(1, 12, 'Lieutenant'),
(2, 1, 'Canidate'),
(2, 2, 'N/A'),
(2, 3, 'N/A'),
(2, 4, 'Engineer'),
(2, 5, 'Chief Engineer'),
(2, 6, 'EMT-B'),
(2, 7, 'EMT-A'),
(2, 8, 'Firefighter I'),
(2, 9, 'Firefighter II'),
(2, 10, 'Lieutenant'),
(3, 1, 'Intern'),
(3, 2, 'Journalist'),
(3, 3, 'Junior Reporter'),
(3, 4, 'Lead Reporter'),
(3, 5, 'Anchor'),
(3, 6, 'Network Executive'),
(4, 1, 'Rank 1'),
(4, 2, 'Rank 2'),
(4, 3, 'Rank 3'),
(4, 4, 'Rank 4'),
(4, 5, 'Rank 5'),
(4, 6, 'Rank 6'),
(4, 7, 'Rank 7'),
(4, 8, 'Mayor'),
(5, 1, 'Rank 1'),
(5, 2, 'Rank 2'),
(5, 3, 'Rank 3'),
(5, 4, 'Rank 4'),
(5, 5, 'Rank 5'),
(5, 6, 'Rank 6'),
(1, 13, 'Captain'),
(1, 14, 'Commander'),
(1, 15, 'Assistant Chief of Police'),
(2, 11, 'Captain'),
(2, 12, 'EMS Battalion Chief'),
(2, 13, 'Battalion Chief'),
(2, 14, 'Second Assisstant Chief'),
(2, 15, 'First Assisstant Chief'),
(2, 16, 'Fire Chief'),
(1, 16, 'Chief of Police'),
(11, 1, 'Little Young Gangster.'),
(11, 2, 'Young Gangster.'),
(11, 3, 'Original Young Gangster.'),
(11, 4, 'Original Gangster.'),
(11, 5, 'Double OG.'),
(11, 6, 'Tripple OG.'),
(12, 1, 'Rank 1'),
(12, 2, 'Rank 2'),
(12, 3, 'Rank 3'),
(12, 4, 'Rank 4'),
(12, 5, 'Rank 5'),
(12, 6, 'Rank 6'),
(12, 7, 'Rank 7'),
(12, 8, 'Rank 8'),
(12, 9, 'Rank 9'),
(12, 10, 'Rank 10'),
(6, 1, 'Soldier'),
(6, 2, 'Y.G'),
(6, 3, 'O.G'),
(6, 4, 'Lieutenant'),
(6, 5, 'Shotcaller'),
(6, 6, 'Queen B'),
(8, 1, 'Associate -'),
(8, 2, 'Enforcer -'),
(8, 3, 'Crew Chief -'),
(8, 4, 'Lieutenant -'),
(8, 5, 'Right Hand -'),
(8, 6, 'Kingpin -'),
(9, 1, 'Mademan'),
(9, 2, 'Advisor'),
(9, 3, 'Capo'),
(6, 7, 'King');

-- --------------------------------------------------------

--
-- Table structure for table `samp_factions`
--

CREATE TABLE IF NOT EXISTS `samp_factions` (
  `id` int(11) NOT NULL AUTO_INCREMENT,
  `name` text NOT NULL,
  `leaderrank` int(11) NOT NULL,
  `motd` text NOT NULL,
  `governmental` int(11) NOT NULL,
  `weapons` int(11) NOT NULL,
  `drugs` int(11) NOT NULL,
  `scrap` int(11) NOT NULL,
  PRIMARY KEY (`id`)
) ENGINE=InnoDB  DEFAULT CHARSET=latin1 AUTO_INCREMENT=20 ;

--
-- Dumping data for table `samp_factions`
--

INSERT INTO `samp_factions` (`id`, `name`, `leaderrank`, `motd`, `governmental`, `weapons`, `drugs`, `scrap`) VALUES
(1, 'Los Angeles Police Department', 16, 'LAPD', 1, 0, 0, 0),
(2, 'Los Angeles Fire Department', 16, 'LAFD', 1, 0, 0, 0),
(3, 'FOX News', 6, 'You are apart of the ''San News'' faction.', 0, 0, 0, 0),
(4, 'Government', 8, 'You are apart of the ''Government'' faction.', 0, 0, 0, 0),
(5, 'Department of Corrections', 6, 'You are apart of the ''SAHFP'' faction.', 0, 0, 0, 0),
(6, 'Faction Slot | 7', 7, 'Faction Slot | 7', 0, 1, 2, 1),
(8, 'Faction Slot | 8', 6, 'Faction Slot | 8', 0, 0, 1, 0),
(9, 'Faction Slot | 9', 3, 'Faction Slot | 9', 0, 0, 2, 0),
(10, 'Faction Slot 10', 0, 'Faction Slot | 10', 0, 0, 0, 0);

-- --------------------------------------------------------

--
-- Table structure for table `samp_faction_trunks`
--

CREATE TABLE IF NOT EXISTS `samp_faction_trunks` (
  `vehicle` int(11) NOT NULL,
  `item` int(11) NOT NULL,
  `var` int(11) NOT NULL,
  `id` int(11) NOT NULL AUTO_INCREMENT,
  PRIMARY KEY (`id`),
  UNIQUE KEY `id` (`id`)
) ENGINE=InnoDB DEFAULT CHARSET=latin1 AUTO_INCREMENT=1 ;

-- --------------------------------------------------------

--
-- Table structure for table `samp_faction_vehicles`
--

CREATE TABLE IF NOT EXISTS `samp_faction_vehicles` (
  `id` int(11) unsigned NOT NULL AUTO_INCREMENT,
  `model` int(11) NOT NULL,
  `color1` int(11) NOT NULL,
  `color2` int(11) NOT NULL,
  `x` float NOT NULL,
  `y` float NOT NULL,
  `z` float NOT NULL,
  `a` float NOT NULL,
  `factionid` int(11) NOT NULL,
  `plate` varchar(20) NOT NULL,
  PRIMARY KEY (`id`)
) ENGINE=InnoDB  DEFAULT CHARSET=latin1 AUTO_INCREMENT=494 ;

--
-- Dumping data for table `samp_faction_vehicles`
--

INSERT INTO `samp_faction_vehicles` (`id`, `model`, `color1`, `color2`, `x`, `y`, `z`, `a`, `factionid`, `plate`) VALUES
(1, 497, 0, 1, 1992.67, -2250.77, 13.7236, 89.5193, 1, 'LSPD'),
(20, 407, 3, 1, 1534.23, -1533.23, 13.7525, 89.3434, 2, 'LSF-1B2'),
(26, 416, 3, 1, 1513.26, -1539.41, 13.699, 270.787, 2, 'FD-AMB1'),
(27, 416, 3, 1, 1503.43, -1539.5, 13.6943, 271.384, 2, 'FD-AMB2'),
(29, 416, 1, 3, 1534.23, -1518.96, 13.5301, 90.573, 2, 'FD-AMB3'),
(30, 416, 1, 3, 1533.78, -1523.87, 13.5271, 89.6738, 2, 'FD-AMB4'),
(31, 407, 3, 1, 1534.25, -1528.58, 13.751, 89.7959, 2, 'LSF-1B3'),
(32, 490, 1, 3, 1492.57, -1543.3, 13.6583, 0.048458, 2, 'FD-DOC1'),
(33, 490, 1, 3, 1485.89, -1543.2, 13.6583, 0.786855, 2, 'FD-DOC2'),
(35, 596, 0, 1, 1570.46, -1710.62, 5.61214, 0.637358, 1, 'POLICE'),
(36, 596, 0, 1, 1574.63, -1710.8, 5.61184, 359.814, 1, 'POLICE'),
(37, 596, 0, 1, 1578.69, -1710.86, 5.61097, 358.18, 1, 'POLICE'),
(38, 596, 0, 1, 1583.52, -1710.96, 5.61202, 359.754, 1, 'POLICE'),
(39, 596, 0, 1, 1587.46, -1711.07, 5.61151, 0.233233, 1, 'POLICE'),
(40, 596, 0, 1, 1591.57, -1711.13, 5.612, 358.763, 1, 'POLICE'),
(45, 416, 1, 3, 2036.99, -1424.21, 17.1411, 182.231, 2, 'CG-A1'),
(46, 416, 1, 3, 2018.46, -1410.53, 17.1413, 90.0049, 2, 'CG-A2'),
(47, 416, 1, 6, 2020.01, -1418.44, 17.1417, 90.9551, 2, 'CG-S1'),
(51, 426, 37, 37, 1538.94, -1645.58, 5.6303, 178.526, 1, 'KA-62254'),
(53, 426, 1, 1, 1534.74, -1645.4, 5.31387, 179.237, 1, 'JK-16156'),
(55, 426, 3, 3, 1530.48, -1645.4, 5.31411, 180.138, 1, 'LQ-88424'),
(67, 597, 0, 1, 1563, -1711.15, 5.81999, 0.73155, 1, 'SUPERVISOR'),
(69, 597, 0, 1, 1558.9, -1711.09, 5.81626, 0.50416, 1, 'SUPERVISOR'),
(87, 523, 0, 0, 1557.55, -1694.21, 5.47129, 233.896, 1, 'MARY 2'),
(89, 523, 0, 0, 1557.63, -1692.16, 5.47366, 232.46, 1, 'MARY 1'),
(95, 427, 0, 1, 1545.05, -1650.96, 6.32563, 88.9066, 1, 'S.W.A.T.'),
(97, 428, 0, 0, 1544.89, -1655.27, 6.0142, 90.8683, 1, 'S.W.A.T.'),
(99, 490, 0, 0, 1545.5, -1659.16, 5.84032, 91.1585, 1, 'S.W.A.T.'),
(101, 490, 0, 0, 1545.48, -1663.21, 5.84049, 89.2793, 1, 'S.W.A.T.'),
(107, 482, 0, 0, 1545.18, -1676.36, 5.73657, 90.7956, 1, 'S.W.A.T.'),
(109, 482, 0, 0, 1545.43, -1680.43, 5.74218, 88.318, 1, 'S.W.A.T.'),
(121, 497, 0, 1, 1990.45, -2315.81, 13.7241, 92.0944, 1, 'ASU'),
(123, 497, 3, 1, 1821.42, -2420.49, 13.7313, 179.822, 2, 'EMS'),
(125, 458, 6, 0, 1980.73, -2183.24, 13.4254, 183.141, 12, 'A-SEC'),
(127, 597, 6, 6, 1986.26, -2182.92, 13.4765, 183.069, 12, 'A-SEC'),
(129, 426, 0, 0, 1556.98, -1804.96, 13.4196, 300.649, 12, 'GOV'),
(131, 426, 0, 0, 1557.05, -1799.25, 13.4195, 299.473, 12, 'GOV'),
(133, 426, 0, 0, 1557, -1793.74, 13.4196, 298.184, 12, 'GOV'),
(135, 428, 0, 3, 1294.57, -989.447, 32.8203, 91.0855, 12, 'GOV'),
(137, 428, 0, 3, 1294, -982.2, 32.8191, 90.9568, 12, 'GOV'),
(165, 563, 3, 1, 2060.29, -2632.94, 14.2523, 4.20311, 12, 'C. Guard'),
(167, 563, 3, 1, 2034.71, -2633.09, 14.2765, 2.72188, 12, 'C. Guard'),
(169, 417, 3, 1, 2015.46, -2631.4, 14.265, 356.253, 12, 'C.Guard'),
(171, 417, 3, 1, 1994.95, -2632.44, 14.2725, 358.11, 12, 'C. Guard'),
(173, 519, 1, 1, 2112.66, -2426.42, 14.4688, 176.932, 12, 'AIR'),
(175, 487, 0, 1, 2152.14, -2377.32, 13.7235, 15.893, 12, 'GOV'),
(177, 592, 1, 1, 1475.02, -2594.1, 14.7436, 271.006, 12, 'GOV'),
(179, 577, 7, 1, 1427.09, -2443.3, 13.4706, 247.797, 12, 'GOV'),
(195, 599, 6, 6, 1992.11, -2182.49, 13.5628, 184.783, 12, 'GOV'),
(197, 430, 0, 1, 2294.36, -2427.52, -0.336102, 134.731, 1, 'LSPD'),
(199, 430, 0, 1, 2307.68, -2414.08, -0.255758, 135.519, 1, 'LSPD'),
(201, 430, 0, 1, 2721.17, -2312.12, -0.210966, 270.254, 1, 'LSPD'),
(203, 430, 0, 1, 2700.64, -2312.01, -0.175818, 270.968, 1, 'LSPD'),
(205, 430, 0, 1, 2938.95, -2057.48, -0.442616, 270.094, 1, 'LSPD'),
(207, 430, 0, 1, 2961.25, -1492.36, -0.343032, 343.786, 1, 'LSPD'),
(209, 430, 0, 1, 2492.03, -2268.17, -0.330639, 90.3309, 1, 'LSPD'),
(211, 430, 0, 1, 2355.73, -2508.41, -0.098791, 357.671, 1, 'LSPD'),
(213, 430, 0, 1, 2433.76, -2715.02, -0.337563, 89.7521, 1, 'LSPD'),
(215, 430, 0, 1, 2448.23, -2715.09, -0.242198, 89.8014, 1, 'LSPD'),
(217, 430, 0, 1, 2724.37, -2583.7, -0.435083, 89.8804, 1, 'LSPD'),
(219, 430, 0, 1, 2615.52, -2476.87, -0.226431, 89.7551, 1, 'LSPD'),
(221, 430, 0, 1, 831.186, -2077.34, -0.340869, 89.4289, 1, 'LSPD'),
(223, 430, 0, 1, 2521.94, -2269.5, -0.217225, 93.797, 1, 'LSPD'),
(225, 599, 0, 1, 1600.38, -1687.68, 6.0801, 87.9827, 1, 'John 2'),
(229, 601, 0, 0, 1546.51, -1684.57, 5.6494, 88.9775, 1, 'S.W.A.T.'),
(231, 601, 0, 0, 1546.77, -1688.52, 5.64943, 90.0306, 1, 'S.W.A.T.'),
(235, 440, 1, 1, 2286.25, -2354.05, 13.6641, 226.689, 12, 'GOV MEAT'),
(237, 440, 1, 1, 2293.89, -2346.69, 13.6665, 224.256, 12, 'GOV MEAT'),
(239, 440, 1, 1, 2301.33, -2340.04, 13.6613, 224.989, 12, 'GOV MEAT'),
(241, 440, 1, 1, 2408.24, -1402.9, 24.2418, 92.5476, 12, 'GOV MEAT'),
(243, 490, 0, 0, -2141.07, -107.1, 35.2724, 269.602, 1, 'SCHOOL'),
(245, 490, 0, 0, -2141.15, -101.019, 35.2702, 271.117, 1, 'SCHOOL'),
(247, 528, 0, 0, -2100.9, -89.995, 35.3356, 87.8593, 1, 'SCHOOL'),
(249, 528, 0, 0, -2100.68, -84.3542, 35.3363, 90.5848, 1, 'SCHOOL'),
(269, 596, 0, 1, 1595.41, -1711.12, 5.72444, 359.206, 1, 'POLICE'),
(271, 523, 0, 0, 1557.85, -1696.22, 5.46798, 233.727, 1, 'MARY 3'),
(273, 598, 0, 1, 1044.45, 1309.51, 10.5772, 270.136, 1, 'ACADEMY'),
(275, 426, 1, 1, 1052.04, 1309.68, 10.2436, 270.459, 1, 'ACADEMY'),
(277, 598, 0, 1, 1051.55, 1331.19, 10.5769, 355.956, 1, 'ACADEMY'),
(279, 598, 0, 1, 1047.06, 1331.4, 10.5779, 356.129, 1, 'ACADEMY'),
(281, 598, 37, 37, 1056.11, 1331.05, 10.5826, 356.369, 1, 'Instructo'),
(283, 598, 0, 1, 1042.34, 1331.32, 10.5776, 357.913, 1, 'ACADEMY'),
(285, 598, 0, 1, 1037.81, 1331.32, 10.5818, 357.939, 1, 'ACADEMY'),
(287, 598, 0, 1, 1042.98, 1343.21, 10.5754, 177.987, 1, 'ACADEMY'),
(289, 598, 0, 1, 1047.89, 1343.36, 10.5783, 176.456, 1, 'ACADEMY'),
(291, 598, 0, 1, 1052.57, 1343.32, 10.5778, 177.596, 1, 'ACADEMY'),
(293, 598, 1, 1, 1056.52, 1343.22, 10.5763, 178.191, 1, 'ADVISER'),
(295, 598, 37, 37, 1056.86, 1350.19, 10.5771, 358.724, 1, 'Instructo'),
(297, 426, 3, 3, 1052.96, 1350.44, 10.2435, 356.907, 1, 'ACADEMY'),
(299, 426, 0, 0, 1048.4, 1350.68, 10.2445, 355.189, 1, 'ACADEMY'),
(301, 523, 0, 0, 1041.59, 1360.4, 10.3971, 207.102, 1, 'ACADEMY'),
(303, 523, 0, 0, 1044.05, 1360.59, 10.3913, 212.936, 1, 'ACADEMY'),
(305, 523, 0, 0, 1046.65, 1360.74, 10.4015, 212.491, 1, 'ACADEMY'),
(307, 523, 0, 0, 1049.01, 1360.74, 10.3993, 206.362, 1, 'ACADEMY'),
(309, 523, 0, 0, 1051.54, 1360.67, 10.4022, 212.018, 1, 'ACADEMY'),
(311, 523, 0, 0, 1054.14, 1360.48, 10.3995, 211.598, 1, 'ACADEMY'),
(313, 523, 0, 0, 1056.46, 1360.8, 10.4013, 207.401, 1, 'ACADEMY'),
(315, 598, 0, 1, 1093.55, 1264.62, 10.5753, 89.4036, 1, 'LEFT'),
(317, 598, 0, 1, 1093.51, 1257.33, 10.576, 90.4095, 1, 'RIGHT'),
(319, 426, 7, 7, 1043.46, 1351.26, 10.244, 356.649, 1, 'ACADEMY'),
(321, 490, 0, 0, 331.59, 2535.67, 16.7544, 182.611, 1, 'SCHOOL'),
(323, 490, 0, 0, 326.424, 2535.49, 16.7567, 183.111, 1, 'SCHOOL'),
(325, 490, 0, 0, 320.609, 2535.18, 16.7603, 181.918, 1, 'SCHOOL'),
(327, 497, 0, 0, 346.889, 2539.03, 16.9315, 0.685114, 1, 'SCHOOL'),
(331, 426, 0, 0, 297.405, 2536.98, 16.2446, 181.562, 1, 'SCHOOL'),
(333, 426, 0, 0, 291.82, 2536.94, 16.2442, 185.314, 1, 'SCHOOL'),
(335, 426, 0, 0, 286.828, 2536.89, 16.2426, 178.824, 1, 'SCHOOL'),
(339, 428, 0, 0, 295.012, 2549.02, 16.9455, 179.61, 1, 'SCHOOL'),
(341, 428, 0, 0, 328.65, 2547.73, 16.9313, 181.423, 1, 'SCHOOL'),
(345, 426, 3, 0, 283.951, 2548.36, 16.2432, 180.786, 1, 'SCHOOL'),
(347, 426, 3, 0, 318.743, 2547.87, 16.2347, 179.099, 1, 'SCHOOL'),
(349, 402, 0, 0, 1093.83, 1340.43, 10.7256, 144.948, 1, 'SCHOOL'),
(351, 402, 0, 0, 1089.12, 1340.33, 10.7255, 147.19, 1, 'SCHOOL'),
(353, 402, 0, 0, 1084.36, 1339.98, 10.7265, 145.772, 1, 'SCHOOL'),
(355, 402, 0, 0, 1080.15, 1340.61, 10.7265, 147.456, 1, 'SCHOOL'),
(357, 402, 3, 0, 1077.83, 1345.99, 10.7253, 0.705917, 1, 'SUSPECT'),
(359, 473, 0, 0, -1726.52, 230.098, -0.48834, 271.564, 1, 'SCHOOL'),
(361, 473, 0, 0, -1719.83, 229.601, 0.063549, 270.103, 1, 'SCHOOL'),
(363, 473, 0, 0, -1714.95, 225.228, -0.194059, 288.433, 1, 'SCHOOL'),
(365, 490, 0, 0, -1710.79, 23.0816, 3.50466, 226.227, 1, 'SCHOOL'),
(367, 490, 0, 0, -1716.5, 17.4566, 3.53821, 225.198, 1, 'SCHOOL'),
(369, 490, 0, 0, -1702.13, 3.44599, 3.50404, 47.231, 1, 'SCHOOL'),
(371, 490, 0, 0, -1696.22, 8.79568, 3.50422, 44.9563, 1, 'SCHOOL'),
(373, 426, 0, 0, -1706.55, 26.8656, 2.97819, 224.261, 1, 'SCHOOL'),
(375, 426, 0, 0, -1692.74, 13.0287, 2.97835, 45.4701, 1, 'SCHOOL'),
(377, 428, 0, 0, -1706.14, -0.484032, 3.67506, 42.6587, 1, 'SCHOOL'),
(379, 428, 0, 0, -1719.95, 12.6337, 3.72519, 226.058, 1, 'SCHOOL'),
(381, 563, 3, 3, 1849.06, -2419.09, 14.2515, 183.583, 2, 'AIR 2'),
(383, 497, 3, 1, 1868.41, -2419.07, 13.7306, 178.941, 2, 'AIR 3'),
(391, 601, 0, 0, -2134.54, -86.0309, 35.0791, 181.625, 1, 'SCHOOL'),
(395, 542, 42, 1, -2178.76, 715.694, 53.6341, 271.756, 1, 'GOT AMMO?'),
(402, 437, 0, 1, 1605.96, -1670.64, 13.6802, 179.824, 1, 'L.S.P.D.'),
(403, 437, 0, 1, 1605.96, -1657.63, 13.6802, 179.764, 1, 'L.S.P.D.'),
(404, 541, 0, 0, 1669.04, -1716.7, 15.2534, 92.4036, 1, 'H.S.I.U.'),
(405, 541, 0, 0, 1669.09, -1712.35, 15.2537, 95.3861, 1, 'H.S.I.U.'),
(406, 426, 87, 4, 1590.01, -1607.07, 12.8062, 180.543, 1, 'JJ-66245'),
(407, 426, 97, 4, 1584.73, -1606.77, 13.2978, 179.634, 1, 'LW-11267'),
(408, 426, 42, 4, 1579.81, -1606.63, 12.8065, 179.683, 1, 'PG-99124'),
(411, 497, 0, 0, 365.488, 2538.14, 16.8295, 357.51, 1, 'S.W.A.T.'),
(414, 407, 0, 1, 1603.88, -1630.49, 13.7474, 88.0129, 1, 'RIOT DIV'),
(416, 451, 0, 0, 1646.66, -1706.18, 15.3066, 269.666, 1, 'POLICE_HSI'),
(417, 579, 46, 0, 1564.53, -1606.78, 13.4352, 179.519, 1, 'KP-94104'),
(418, 579, 41, 0, 1559.55, -1606.7, 13.4297, 180.869, 1, 'PL-88841'),
(420, 482, 0, 0, 1554.52, -1606.78, 13.2316, 182.005, 1, 'JJ-96654'),
(421, 482, 45, 0, 1549.49, -1606.71, 13.2316, 182.445, 1, 'KL-88788'),
(422, 482, 7, 0, 1544.57, -1606.89, 13.232, 181.048, 1, 'KS-55454'),
(423, 416, 0, 0, 1603.21, -1625.31, 13.4793, 90.1071, 1, 'S.W.A.T.'),
(425, 528, 0, 0, 289.01, 2548.38, 16.8262, 179.608, 1, 'ACADEMY'),
(426, 601, 0, 0, 323.319, 2549.08, 16.5674, 179.613, 1, 'SCHOOL'),
(427, 500, 0, 1, 420.397, 2530.83, 16.7251, 270.214, 1, 'SCHOOL'),
(428, 427, 0, 1, 310.709, 2536.16, 17.0135, 181.176, 1, 'ACADEMY'),
(429, 427, 0, 1, 304.876, 2535.89, 17.0186, 179.841, 1, 'ACADEMY'),
(431, 499, 88, 1, 105.751, 2467.12, 16.4717, 358.674, 1, 'ACADEMY'),
(432, 566, 0, 0, 111.889, 2472.96, 16.4067, 89.832, 1, 'ACADEMY'),
(433, 604, 81, 56, 97.2159, 2462.71, 16.2263, 271.102, 1, 'ACADEMY'),
(434, 578, 1, 1, 99.9704, 2476.77, 17.1052, 270.698, 1, 'ACADEMY'),
(436, 523, 0, 0, 1571.39, -1692.34, 5.46158, 116.335, 1, 'Mary 4 '),
(437, 523, 0, 0, 1571.59, -1694.49, 5.46212, 120.366, 1, 'Mary 5'),
(438, 523, 0, 0, 1571.4, -1697.11, 5.4683, 127.657, 1, 'Mary 6'),
(439, 402, 0, 0, 1669.34, -1694.24, 15.5144, 91.5546, 1, 'H.S.I.U.'),
(440, 402, 0, 0, 1669.08, -1699.21, 15.5134, 91.225, 1, 'H.S.I.U.'),
(441, 402, 0, 0, 1669.25, -1703.92, 15.5149, 93.0155, 1, 'H.S.I.U.'),
(442, 411, 0, 0, 1668.55, -1707.99, 15.318, 92.164, 1, 'H.S.I.U.'),
(443, 597, 0, 1, 1566.46, -1711.22, 5.82247, 359.625, 1, 'SUPERVISOR'),
(444, 415, 1, 1, 1528.42, -1683.69, 5.72675, 271.963, 1, 'LG-94245'),
(445, 426, 81, 2, 1526.48, -1645.69, 5.31398, 180.829, 1, 'LO-62194'),
(446, 525, 0, 1, 1601.13, -1684.24, 5.76798, 90.297, 1, 'Henry 3'),
(447, 598, 0, 1, -2109.26, -113.042, 35.0769, 180.541, 1, 'ACADEMY'),
(448, 426, 82, 0, -2109.07, -120.789, 34.7443, 180.474, 1, 'ACADEMY'),
(449, 426, 50, 0, -2108.96, -129.329, 34.7441, 179.883, 1, 'ACADEMY'),
(450, 454, 1, 1, 231.624, 3051.27, 0.077114, 259.05, 1, 'ACADEMY'),
(451, 473, 0, 0, 255.329, 2936.94, -0.563598, 0.850056, 1, 'ACADEMY'),
(452, 473, 0, 0, 261.383, 2937, -0.473416, 2.48832, 1, 'ACADEMY'),
(453, 497, 0, 0, 1936.08, -2247.92, 13.7244, 182.289, 1, 'S.W.A.T.'),
(454, 497, 0, 0, 1913.5, -2245.62, 13.7235, 184.095, 1, 'S.W.A.T.'),
(458, 560, 38, 34, 1569.65, -1606.9, 13.0878, 180.496, 1, 'HG-84734'),
(459, 560, 83, 12, 1574.83, -1606.87, 13.0878, 177.179, 1, 'HG-23712'),
(463, 490, 0, 0, 1545.23, -1667.98, 5.80106, 89.1576, 1, 'S.W.A.T.'),
(464, 596, 0, 1, 1600.49, -1703.85, 5.77224, 89.1867, 1, 'POLICE'),
(465, 596, 0, 1, 1600.88, -1700.25, 5.77209, 91.0507, 1, 'POLICE'),
(466, 596, 0, 1, 1600.97, -1696.02, 5.77229, 91.6775, 1, 'POLICE'),
(467, 541, 0, 0, 1601.42, -1691.85, 5.51564, 89.9698, 1, 'HSI-POLIC'),
(468, 427, 0, 0, 1544.82, -1671.94, 6.02262, 89.4319, 1, 'S.W.A.T.'),
(472, 528, 0, 0, 1529.14, -1688.26, 5.93385, 269.231, 1, 'S.W.A.T.'),
(473, 487, 0, 0, 1991.03, -2290.95, 13.7288, 86.9315, 1, 'NIGHTHAWK'),
(476, 560, 0, 0, 1603.9, -1615.35, 13.2124, 88.7672, 1, 'S.W.A.T.'),
(477, 427, 0, 16, 1603.43, -1620.24, 13.6341, 90.1715, 1, 'TOC'),
(478, 582, 2, 0, 736.602, -1349.96, 13.5635, 269.561, 3, 'FOX NEWS'),
(479, 582, 2, 0, 736.714, -1346.09, 13.5698, 269.257, 3, 'FOX NEWS'),
(480, 426, 2, 2, 736.133, -1339.13, 13.2735, 269.965, 3, 'FOX NEWS'),
(481, 426, 2, 2, 735.923, -1335.12, 13.2818, 269.68, 3, 'FOX NEWS'),
(482, 488, 1, 2, 740.831, -1370.74, 25.849, 182.481, 3, '488'),
(483, 582, 2, 0, 760.048, -1333.08, 13.598, 265.781, 3, 'FOX NEWS'),
(484, 582, 2, 0, 751.923, -1332.69, 13.606, 266.317, 3, 'FOX NEWS'),
(485, 582, 2, 0, 763.907, -1381.74, 13.7207, 269.626, 3, 'FOX NEWS'),
(486, 489, 2, 2, 785.2, -1372.86, 13.7156, 359.784, 3, 'FOX NEWS'),
(487, 489, 2, 2, 785.213, -1359.96, 13.6853, 0.039386, 3, 'FOX NEWS'),
(488, 544, 3, 1, 1530.5, -1538.28, 13.7848, 90.2994, 2, 'LAFD'),
(489, 437, 3, 3, 1450.42, -1553.24, 13.6831, 359.837, 2, 'LAFD'),
(490, 490, 3, 1, 1479.31, -1543.26, 13.6527, 0.13848, 2, 'LAFD'),
(491, 490, 3, 1, 1472.99, -1543.28, 13.6527, 359.713, 2, 'LAFD'),
(492, 427, 1, 3, 1466.61, -1542.59, 13.7073, 1.04624, 2, 'LAFD'),
(493, 423, 0, 0, -427.114, -901.486, 26.0636, 325.535, 6, '$$$');

-- --------------------------------------------------------

--
-- Table structure for table `samp_houses`
--

CREATE TABLE IF NOT EXISTS `samp_houses` (
  `id` int(11) NOT NULL AUTO_INCREMENT,
  `x` float NOT NULL,
  `y` float NOT NULL,
  `z` float NOT NULL,
  `price` int(11) NOT NULL,
  `owner` varchar(25) NOT NULL,
  `weapon1` int(11) NOT NULL,
  `weapon2` int(11) NOT NULL,
  `weapon1_bullets` int(11) NOT NULL,
  `weapon2_bullets` int(11) NOT NULL,
  `rentalfee` int(11) NOT NULL,
  `money` int(11) NOT NULL,
  `interior` int(11) NOT NULL,
  `street` text NOT NULL,
  `housenumber` int(11) NOT NULL,
  `zip` int(11) NOT NULL,
  `taxes` int(11) NOT NULL,
  `weed` int(11) NOT NULL,
  `cocaine` int(11) NOT NULL,
  `ecstasy` int(11) NOT NULL,
  `crack` int(11) NOT NULL,
  `heroin` int(11) NOT NULL,
  PRIMARY KEY (`id`)
) ENGINE=InnoDB  DEFAULT CHARSET=latin1 AUTO_INCREMENT=1417 ;

--
-- Dumping data for table `samp_houses`
--

INSERT INTO `samp_houses` (`id`, `x`, `y`, `z`, `price`, `owner`, `weapon1`, `weapon2`, `weapon1_bullets`, `weapon2_bullets`, `rentalfee`, `money`, `interior`, `street`, `housenumber`, `zip`, `taxes`, `weed`, `cocaine`, `ecstasy`, `crack`, `heroin`) VALUES
(5, 993.606, -998.671, 1001.5, 17500, ' ', 0, 0, 0, 0, 0, 0, 9, 'Glen Park Apt', 1, 90216, 50, 0, 0, 0, 0, 0),
(9, 2690.54, -1238.01, 57.5102, 15000, '', 0, 0, 0, 0, 0, 0, 0, 'Caesar Rd', 1021, 90216, 15, 0, 0, 0, 0, 0),
(13, 2690.54, -1229.14, 60.1371, 14860, '', 0, 0, 0, 0, 0, 0, 2, 'Caesar Rd', 1025, 90216, 14, 0, 0, 0, 0, 0),
(15, -427.183, -392.305, 16.3802, 25000, '', 0, 0, 0, 0, 0, 0, 12, 'Red Bush Rd', 27, 90208, 25, 0, 0, 0, 0, 0),
(17, -88.895, -1564.95, 3.00431, 15000, '', 0, 0, 0, 0, 100, 0, 9, 'Angel Pine', 5, 90207, 10, 0, 0, 0, 0, 0),
(19, 1258.51, -785.294, 92.0302, 750000, '', 0, 0, 0, 0, 0, 0, 10, 'Rich St.', 8092, 90210, 275, 0, 0, 0, 0, 0),
(21, 1112.06, -742.151, 100.133, 50000, 'Ken_Harper', 0, 0, 0, 0, 0, 0, 20, 'Rich St.', 8099, 90210, 50, 0, 0, 0, 0, 0),
(27, 1667.44, -2106.94, 14.0723, 45000, '', 0, 0, 0, 0, 0, 0, 19, 'Glendale St', 100, 90218, 45, 0, 0, 0, 0, 0),
(29, 1673.61, -2122.4, 14.146, 45000, '', 0, 0, 0, 0, 0, 0, 35, 'Glendale St', 101, 90218, 45, 0, 0, 0, 0, 0),
(31, 1695.47, -2125.84, 13.8101, 50000, '', 0, 0, 0, 0, 0, 0, 6, 'Glendale St', 103, 90218, 50, 0, 0, 0, 0, 0),
(33, 1684.8, -2098.16, 13.8343, 35000, '', 0, 0, 0, 0, 50, 32, 46, 'Glendale St', 102, 90218, 35, 71, 0, 0, 0, 0),
(35, 1715.14, -2125.45, 14.0566, 50000, '', 0, 0, 0, 0, 0, 0, 52, 'Glendale St', 105, 90218, 50, 0, 0, 0, 0, 0),
(37, 1711.59, -2101.23, 14.021, 45000, '', 0, 0, 0, 0, 0, 0, 5, 'Glendale St', 104, 90218, 45, 0, 0, 0, 0, 0),
(39, 1734.02, -2097.98, 14.0366, 45000, '', 0, 0, 0, 0, 0, 0, 22, 'Glendale St', 106, 90218, 45, 0, 0, 0, 0, 0),
(41, 1734.73, -2130.36, 14.021, 50000, '', 0, 0, 0, 0, 0, 579, 22, 'Glendale St', 107, 90218, 50, 0, 0, 0, 0, 0),
(43, 1762.44, -2101.99, 13.857, 40000, ' ', 0, 0, 0, 0, 0, 0, 35, 'Glendale St', 108, 90218, 40, 0, 0, 0, 0, 0),
(45, 1761.2, -2125.45, 14.0566, 50000, '', 0, 0, 0, 0, 0, 88, 25, 'Glendale St', 109, 90218, 50, 0, 0, 0, 0, 0),
(47, 1781.4, -2101.27, 14.0566, 40000, '', 0, 0, 0, 0, 0, 0, 39, 'Glendale St', 110, 90218, 40, 0, 0, 0, 0, 0),
(49, 1782.18, -2126.51, 14.0679, 50000, '', 0, 0, 0, 0, 0, 0, 19, 'Glendale St', 111, 90218, 50, 0, 0, 0, 0, 0),
(51, 1804.2, -2124.9, 13.9424, 60000, '', 0, 0, 0, 0, 0, 0, 46, 'Glendale St', 113, 90218, 60, 0, 0, 0, 0, 0),
(53, 1801.9, -2098.94, 14.021, 30000, '', 0, 0, 0, 0, 0, 0, 41, 'Glendale St', 112, 90218, 30, 0, 0, 0, 0, 0),
(55, 2524.44, -1998.4, 14.1131, 35000, '', 0, 0, 0, 0, 0, 0, 6, 'Tar St', 102, 90217, 35, 0, 0, 0, 0, 0),
(57, 2522.76, -2018.99, 14.0744, 35000, '', 0, 0, 0, 0, 0, 0, 43, 'Tar St', 101, 90217, 35, 0, 0, 0, 0, 0),
(59, 2507.8, -2021.05, 14.2101, 35000, '', 0, 0, 0, 0, 0, 0, 35, 'Tar St', 103, 90217, 35, 0, 0, 0, 0, 0),
(61, 2486.39, -2021.55, 13.9988, 35000, '', 0, 0, 0, 0, 0, 0, 41, 'Tar St', 105, 90217, 35, 0, 0, 0, 0, 0),
(63, 2508.26, -1998.37, 13.9025, 40000, '', 0, 0, 0, 0, 0, 0, 19, 'Tar St', 104, 90217, 40, 0, 0, 0, 0, 0),
(65, 2465.34, -2020.79, 14.1242, 35000, '', 0, 0, 0, 0, 0, 0, 25, 'Tar St', 107, 90217, 35, 0, 0, 0, 0, 0),
(67, 2483.37, -1995.43, 13.8343, 40000, '', 0, 0, 0, 0, 0, 0, 47, 'Tar St', 106, 90217, 40, 0, 0, 0, 0, 0),
(69, 2437.93, -2020.85, 13.9025, 35000, '', 0, 0, 0, 0, 0, 0, 6, 'Tar St', 109, 90217, 35, 0, 0, 0, 0, 0),
(71, 2465.1, -1995.75, 14.0193, 35000, '', 0, 0, 0, 0, 0, 0, 18, 'Tar St', 108, 90217, 35, 0, 0, 0, 0, 0),
(73, 2192.41, -1815.23, 13.5469, 25000, '', 0, 0, 0, 0, 0, 0, 2, 'Pacific Apartments', 1, 90218, 25, 0, 0, 0, 0, 0),
(75, 2185.88, -1815.23, 13.5469, 25000, '', 0, 0, 0, 0, 0, 0, 2, 'Pacific Apartments', 2, 90218, 35, 0, 0, 0, 0, 0),
(77, 2176.34, -1815.23, 13.5469, 25000, ' ', 0, 0, 0, 0, 0, 0, 12, 'Pacific Apartments', 3, 90218, 25, 0, 0, 0, 0, 0),
(79, 2169, -1815.23, 13.5469, 25000, '', 0, 0, 0, 0, 0, 0, 2, 'Pacific Apartments', 4, 90218, 25, 0, 0, 0, 0, 0),
(81, 2162.7, -1815.22, 13.5469, 35000, '', 0, 0, 0, 0, 0, 0, 19, 'Pacific Apartments', 5, 90218, 35, 0, 0, 0, 0, 0),
(83, 2155.87, -1815.23, 13.5469, 35000, '', 0, 0, 0, 0, 0, 0, 19, 'Pacific Apartments', 6, 90218, 35, 0, 0, 0, 0, 0),
(85, 2151.05, -1815.06, 13.5498, 35000, '', 0, 0, 0, 0, 0, 0, 18, 'Pacific Apartments', 7, 90218, 35, 0, 0, 0, 0, 0),
(87, 2151.05, -1807.97, 13.5464, 25000, '', 0, 0, 0, 0, 0, 0, 2, 'Pacific Apartments', 8, 90218, 25, 0, 0, 0, 0, 0),
(89, 2151.04, -1789.12, 13.5093, 35000, '', 0, 0, 0, 0, 0, 0, 6, 'Pacific Apartments', 9, 90218, 35, 0, 0, 0, 0, 0),
(91, 2146.52, -1808.55, 16.1406, 25000, 'Diamond_Lawrence', 0, 0, 0, 0, 0, 0, 46, 'Pacific Apartments', 11, 90218, 35, 0, 0, 0, 0, 0),
(93, 2145, -1801.77, 16.1406, 35000, '', 0, 0, 0, 0, 10, 40000, 19, 'Pacific Apartments', 10, 90218, 35, 0, 0, 0, 0, 0),
(95, 2146.47, -1814.99, 16.1406, 27500, ' ', 0, 0, 0, 0, 0, 0, 52, 'Pacific Apartments', 12, 90218, 25, 85, 0, 0, 0, 0),
(97, 2151.96, -1819.69, 16.1406, 27000, 'Avon_Holloway', 0, 0, 0, 0, 0, 0, 2, 'Pacific Apartments', 13, 90218, 27, 0, 0, 0, 0, 0),
(99, 2158.38, -1819.69, 16.1406, 32500, '', 0, 0, 0, 0, 0, 0, 6, 'Pacific Apartments', 14, 90218, 35, 0, 0, 0, 0, 0),
(101, 2164.84, -1819.7, 16.1406, 28000, '', 0, 0, 0, 0, 0, 0, 22, 'Pacific Apartments', 15, 90218, 28, 0, 0, 0, 0, 0),
(103, 2172.34, -1819.69, 16.1406, 30000, '', 0, 0, 0, 0, 0, 0, 19, 'Pacific Apartments', 16, 90218, 30, 0, 0, 0, 0, 0),
(105, 2176.49, -1821.63, 16.146, 27500, '', 0, 0, 0, 0, 0, 0, 2, 'Pacific Apartments', 17, 90218, 27, 0, 0, 0, 0, 0),
(107, 2176.49, -1828.46, 16.141, 27500, '', 0, 0, 0, 0, 0, 0, 13, 'Pacific Apartments', 18, 90218, 25, 0, 0, 0, 0, 0),
(109, 2505.55, -1963.3, 16.7578, 25000, '', 0, 0, 0, 0, 0, 0, 2, 'St Francis St', 4037, 90217, 25, 0, 0, 0, 0, 0),
(111, 2499.45, -1963.02, 16.7578, 25000, '', 0, 0, 0, 0, 100, 30000, 22, 'St Francis St', 4038, 90217, 25, 0, 0, 0, 0, 0),
(113, 2493.12, -1963, 16.7578, 25000, '', 0, 0, 0, 0, 0, 0, 22, 'St Francis St', 4039, 90217, 25, 0, 0, 0, 0, 0),
(115, 2485.28, -1962.91, 16.7578, 25000, '', 0, 0, 0, 0, 0, 0, 45, 'St Francis St', 4040, 90217, 25, 0, 0, 0, 0, 0),
(117, 2479.07, -1962.84, 16.7578, 25000, '', 0, 0, 0, 0, 0, 0, 22, 'St Francis St', 4041, 90217, 25, 0, 0, 0, 0, 0),
(119, 2472.82, -1962.66, 16.7578, 35000, '', 0, 0, 0, 0, 0, 0, 25, 'St Francis St', 4042, 90217, 35, 0, 0, 0, 0, 0),
(121, 1497.02, -687.893, 95.5633, 1000000, '', 0, 0, 0, 0, 0, 0, 43, 'Rich St', 119, 90209, 300, 0, 0, 0, 0, 0),
(125, 891.257, -783.128, 101.314, 350000, '', 0, 0, 0, 0, 0, 0, 46, 'McCain St', 1241, 90209, 300, 0, 0, 0, 0, 0),
(127, 785.972, -828.582, 70.2896, 420000, '', 0, 0, 0, 0, 0, 0, 49, 'McCain St', 1252, 90209, 300, 0, 0, 0, 0, 0),
(129, 808.268, -759.404, 76.5314, 350000, '', 0, 0, 0, 0, 0, 0, 31, 'McCain St', 1456, 90209, 300, 0, 0, 0, 0, 0),
(131, 848.083, -745.502, 94.9693, 425000, '', 0, 0, 0, 0, 0, 0, 46, 'McCain St', 2421, 90209, 300, 0, 0, 0, 0, 0),
(133, 867.53, -717.598, 105.68, 300000, '', 0, 0, 0, 0, 0, 0, 42, 'Palin St', 1823, 90209, 300, 0, 0, 0, 0, 0),
(135, 898.009, -677.334, 116.89, 345000, '', 0, 0, 0, 0, 0, 0, 23, 'McCain St', 4523, 90209, 300, 0, 0, 0, 0, 0),
(137, 946.372, -710.661, 122.62, 225000, '', 0, 0, 0, 0, 0, 0, 50, 'McCain St', 4187, 90209, 300, 0, 0, 0, 0, 0),
(139, 980.47, -677.274, 121.976, 500000, '', 0, 0, 0, 0, 0, 0, 20, 'McCain St', 11523, 90209, 500, 0, 0, 0, 0, 0),
(141, 1045.17, -642.938, 120.117, 350000, '', 0, 0, 0, 0, 0, 0, 46, 'McCain St', 5126, 90209, 300, 0, 0, 0, 0, 0),
(143, 1095.01, -647.915, 113.648, 475000, '', 0, 0, 0, 0, 0, 0, 17, 'McCain St', 1298, 90209, 300, 0, 0, 0, 0, 0),
(147, 2756.42, -1182.81, 69.4035, 75000, ' ', 0, 0, 0, 0, 0, 0, 46, 'Saints Blvd', 6424, 90216, 75, 1, 0, 0, 0, 0),
(149, 1895.4, -2021.38, 13.5469, 25000, '', 0, 0, 0, 0, 0, 0, 48, 'Aces Flats', 6001, 90218, 25, 0, 0, 0, 0, 0),
(151, 1858.74, -2035.05, 13.5469, 20000, '', 0, 0, 0, 0, 0, 0, 45, 'Aces Flats', 6002, 90218, 20, 0, 0, 0, 0, 0),
(155, 1867.71, -2003.88, 13.5469, 20000, '', 0, 0, 0, 0, 0, 0, 45, 'Aces Flats', 6004, 90218, 20, 0, 0, 0, 0, 0),
(157, 1900.18, -2004.04, 13.5469, 25000, '', 0, 0, 0, 0, 0, 0, 48, 'Aces Flats', 6005, 90218, 25, 0, 0, 0, 0, 0),
(159, 1900.18, -1985.68, 13.5469, 30000, '', 0, 0, 0, 0, 0, 0, 6, 'Aces Flats', 6007, 90218, 30, 0, 0, 0, 0, 0),
(161, 1838.97, -1994.1, 13.5469, 30000, '', 0, 0, 0, 0, 0, 0, 6, 'Aces Flats', 6009, 90218, 30, 0, 0, 0, 0, 0),
(163, 1864.63, -2021.33, 13.5469, 20000, '', 0, 0, 0, 0, 0, 0, 45, 'Aces Flats', 6010, 90218, 20, 0, 0, 0, 0, 0),
(167, 2326.76, -1716.7, 14.2379, 40000, '', 0, 0, 0, 0, 0, 0, 18, 'LIVERPOOL ROAD', 1076, 90216, 40, 0, 0, 0, 0, 0),
(171, 1853.95, -1914.26, 15.2568, 50000, '', 0, 0, 0, 0, 0, 0, 43, 'Washington St', 2091, 90218, 50, 0, 0, 0, 0, 0),
(173, 1872.23, -1911.79, 15.2568, 40000, '', 0, 0, 0, 0, 0, 0, 18, 'Washington St', 2093, 90218, 40, 0, 0, 0, 0, 0),
(175, 1891.95, -1914.4, 15.2568, 40000, '', 0, 0, 0, 0, 0, 0, 19, 'Washington St', 2095, 90218, 40, 0, 0, 0, 0, 0),
(177, 1913.49, -1911.9, 15.2568, 45000, '', 0, 0, 0, 0, 0, 0, 25, 'Washington St', 2097, 90218, 45, 0, 0, 0, 0, 0),
(179, 1928.61, -1915.9, 15.2568, 40000, '', 0, 0, 0, 0, 0, 0, 6, 'Washington St', 2099, 90218, 40, 0, 0, 0, 0, 0),
(183, 1938.54, -1911.38, 15.2568, 40000, '', 0, 0, 0, 0, 0, 0, 16, 'Washington St', 2101, 90218, 40, 0, 0, 0, 0, 0),
(185, 2308.87, -1714.61, 14.6496, 40000, '', 0, 0, 0, 0, 0, 0, 32, 'LIVERPOOL ROAD', 1078, 90216, 40, 0, 0, 0, 0, 0),
(187, 2385.39, -1711.66, 14.2422, 45000, '', 0, 0, 0, 0, 0, 0, 13, 'LIVERPOOL ROAD', 1072, 90216, 45, 0, 0, 0, 0, 0),
(189, 2402.49, -1715, 14.1328, 40000, 'Maxwell_Brooks', 0, 0, 0, 0, 0, 0, 19, 'LIVERPOOL ROAD', 1070, 90216, 40, 0, 0, 0, 0, 0),
(191, 2409.04, -1674.41, 14.1366, 35000, '', 0, 0, 0, 0, 0, 0, 6, 'Grove St', 221, 90216, 35, 0, 0, 0, 0, 0),
(193, 2459.47, -1691.66, 13.5456, 60000, '', 0, 0, 0, 0, 0, 0, 5, 'Grove St', 211, 90216, 60, 0, 0, 0, 0, 0),
(195, 2495.36, -1691.14, 14.7656, 70000, '', 0, 0, 0, 0, 0, 0, 7, 'Grove St', 212, 90216, 70, 0, 0, 0, 0, 0),
(197, 2514.34, -1691.59, 14.046, 35000, ' ', 0, 0, 0, 0, 0, 0, 19, 'Grove St', 213, 90216, 35, 15, 0, 0, 0, 0),
(199, 2523.27, -1679.32, 15.497, 45000, 'Kymani_Klens', 0, 0, 0, 0, 0, 0, 6, 'Grove St', 214, 90216, 45, 165, 0, 0, 0, 0),
(201, 2524.71, -1658.6, 15.824, 45000, ' ', 0, 0, 0, 0, 0, 0, 25, 'Grove St', 215, 90216, 45, 0, 0, 0, 0, 0),
(203, 2513.73, -1650.26, 14.3557, 40000, '', 0, 0, 0, 0, 0, 0, 52, 'Grove St', 216, 90216, 40, 0, 0, 0, 0, 0),
(205, 2498.4, -1642.26, 14.1131, 40000, '', 0, 0, 0, 0, 0, 0, 43, 'Grove St', 217, 90216, 40, 0, 0, 0, 0, 0),
(207, 2486.45, -1644.56, 14.0772, 55000, 'Alexander_Lewis', 0, 0, 0, 0, 0, 0, 40, 'Grove St', 218, 90216, 55, 0, 0, 0, 0, 0),
(209, 2469.44, -1646.35, 13.7801, 40000, 'Lander_Jackson', 0, 0, 0, 0, 0, 0, 39, 'Grove St', 219, 90216, 40, 4, 0, 0, 0, 0),
(211, 2111.27, -1278.98, 25.8359, 45000, '', 0, 0, 0, 0, 0, 0, 6, 'Belview Rd', 222, 90216, 45, 0, 0, 0, 0, 0),
(213, 2090.99, -1277.83, 26.1797, 45000, '', 0, 0, 0, 0, 0, 0, 41, 'Belview Rd', 224, 90216, 45, 0, 0, 0, 0, 0),
(215, 2451.94, -1641.41, 14.0662, 45000, '', 0, 0, 0, 0, 0, 0, 16, 'Grove St', 220, 90216, 45, 0, 0, 0, 0, 0),
(217, 2413.88, -1646.8, 14.0119, 35000, '', 0, 0, 0, 0, 0, 0, 18, 'Grove St', 222, 90216, 35, 0, 0, 0, 0, 0),
(219, 2132.29, -1280.05, 25.8906, 45000, '', 0, 0, 0, 0, 0, 0, 35, 'Belview Rd', 220, 90216, 45, 0, 0, 0, 0, 0),
(221, 2150.25, -1285.04, 24.5269, 35000, '', 0, 0, 0, 0, 0, 0, 18, 'Belview Rd', 218, 90216, 35, 0, 0, 0, 0, 0),
(223, 2393.09, -1646.03, 13.9051, 40000, '', 0, 0, 0, 0, 0, 0, 19, 'Grove St', 224, 90216, 40, 0, 0, 0, 0, 0),
(225, 2362.91, -1643.74, 14.0642, 40000, '', 0, 0, 0, 0, 0, 0, 5, 'Grove St', 226, 90216, 40, 0, 0, 0, 0, 0),
(227, 2207.9, -1280.82, 25.1207, 45000, '', 0, 0, 0, 0, 0, 0, 19, 'Belview Rd', 214, 90216, 45, 0, 0, 0, 0, 0),
(229, 2191.57, -1275.6, 25.1562, 45000, '', 0, 0, 0, 0, 0, 0, 25, 'Belview Rd', 216, 90216, 45, 0, 0, 0, 0, 0),
(235, 2307.02, -1679.2, 14.3316, 35000, '', 0, 0, 0, 0, 0, 0, 25, 'Grove street', 227, 90216, 35, 0, 0, 0, 0, 0),
(237, 2230.1, -1280.07, 25.6285, 35000, '', 0, 0, 0, 0, 0, 0, 32, 'Belview Rd', 212, 90216, 35, 0, 0, 0, 0, 0),
(241, 2250.3, -1280.05, 25.4766, 45000, '', 0, 0, 0, 0, 0, 0, 19, 'Belview Rd', 210, 90216, 45, 0, 0, 0, 0, 0),
(243, 2384.63, -1675.84, 15.2457, 45000, '', 0, 0, 0, 0, 0, 0, 32, 'Grove St', 223, 90216, 45, 0, 0, 0, 0, 0),
(245, 2100.84, -1321.89, 25.9531, 45000, '', 0, 0, 0, 0, 0, 0, 25, 'Belview Rd', 223, 90216, 45, 0, 0, 0, 0, 0),
(247, 2126.72, -1320.87, 26.6241, 55000, '', 0, 0, 0, 0, 0, 0, 31, 'Belview Rd', 221, 90216, 55, 0, 0, 0, 0, 0),
(249, 2148.61, -1320.08, 26.0738, 45000, 'Treyvon_King', 0, 0, 0, 0, 0, 0, 6, 'Belview Rd', 219, 90216, 45, 0, 0, 0, 0, 0),
(251, 2508.97, -1955.16, 13.6179, 10000, '', 0, 0, 0, 0, 0, 0, 2, 'Francis Street', 882, 90216, 25, 0, 0, 0, 0, 0),
(253, 2505.71, -1958.75, 13.581, 10000, '', 0, 0, 0, 0, 0, 0, 9, 'Francis St', 772, 90216, 25, 0, 0, 0, 0, 0),
(255, 2499.37, -1958.74, 13.5811, 10000, '', 0, 0, 0, 0, 0, 0, 8, 'Francis St', 821, 90216, 25, 0, 0, 0, 0, 0),
(271, 2090.7, -1235.18, 26.0191, 35000, '', 0, 0, 0, 0, 0, 0, 19, 'St George Rd', 110, 90216, 35, 0, 0, 0, 0, 0),
(273, 2110.91, -1244.4, 25.8516, 45000, '', 0, 0, 0, 0, 0, 0, 6, 'St George Rd', 112, 90216, 45, 0, 0, 0, 0, 0),
(275, 2133.44, -1233, 24.4219, 35000, '', 0, 0, 0, 0, 0, 0, 25, 'St George Rd', 114, 90216, 35, 0, 0, 0, 0, 0),
(277, 2153.71, -1243.8, 25.3672, 45000, '', 0, 0, 0, 0, 0, 0, 47, 'St George Rd', 116, 90216, 45, 0, 0, 0, 0, 0),
(279, 2191.81, -1239.24, 24.4879, 30000, '', 0, 0, 0, 0, 0, 0, 19, 'St George Rd', 118, 90216, 30, 0, 0, 0, 0, 0),
(281, 2209.71, -1240.25, 24.4801, 30000, '', 0, 0, 0, 0, 0, 0, 18, 'St George Rd', 120, 90216, 30, 0, 0, 0, 0, 0),
(283, 2229.62, -1241.61, 25.6562, 45000, '', 0, 0, 0, 0, 0, 0, 41, 'St George Rd', 122, 90216, 45, 0, 0, 0, 0, 0),
(285, 2249.87, -1238.92, 25.8984, 45000, '', 0, 0, 0, 0, 0, 0, 0, 'St George Rd', 124, 90216, 45, 0, 0, 0, 0, 0),
(287, 1489.31, -1719.44, 8.24289, 1000000, '', 0, 0, 0, 0, 0, 0, 26, 'Sewers', 911, 90214, 1, 0, 0, 0, 0, 0),
(295, 2690.54, -1224.74, 61.4224, 15000, '', 0, 0, 0, 0, 0, 0, 12, 'Caesar Rd', 1027, 90216, 15, 0, 0, 0, 0, 0),
(297, 2690.54, -1220.48, 62.7157, 15000, '', 0, 0, 0, 0, 0, 0, 8, 'Caesar Rd', 1029, 90216, 15, 0, 0, 0, 0, 0),
(299, 2690.54, -1216.28, 64.0649, 15000, '', 0, 0, 0, 0, 0, 0, 0, 'Caesar Rd', 1031, 90216, 15, 0, 0, 0, 0, 0),
(301, 2690.54, -1211.8, 65.4541, 15000, '', 0, 0, 0, 0, 0, 0, 1, 'Caesar Rd', 1033, 90216, 15, 0, 0, 0, 0, 0),
(303, 2690.54, -1207.6, 66.5879, 15000, '', 0, 0, 0, 0, 0, 0, 12, 'Caesar Rd', 1035, 90216, 15, 0, 0, 0, 0, 0),
(305, 2690.54, -1203.09, 67.522, 15000, '', 0, 0, 0, 0, 0, 0, 1, 'Caesar Rd', 1037, 90216, 15, 0, 0, 0, 0, 0),
(307, 2690.54, -1200.01, 68.2965, 15000, '', 0, 0, 0, 0, 0, 0, 2, 'Caesar Rd', 1039, 90216, 15, 0, 0, 0, 0, 0),
(309, 2690.54, -1233.54, 58.9073, 15000, '', 0, 0, 0, 0, 0, 0, 1, 'Caesar Rd', 1023, 90216, 15, 0, 0, 0, 0, 0),
(311, 2700.21, -1238.07, 58.1841, 15000, '', 0, 0, 0, 0, 0, 0, 8, 'Caesar Rd', 1020, 90216, 15, 0, 0, 0, 0, 0),
(313, 2700.21, -1233.53, 59.5814, 15000, '', 0, 0, 0, 0, 0, 0, 2, 'Caesar Rd', 1022, 90216, 15, 0, 0, 0, 0, 0),
(315, 2700.21, -1229.3, 60.811, 15000, '', 0, 0, 0, 0, 0, 0, 1, 'Caesar Rd', 1024, 90216, 15, 0, 0, 0, 0, 0),
(317, 2700.21, -1224.72, 62.0962, 15000, '', 0, 0, 0, 0, 0, 0, 12, 'Caesar Rd', 1026, 90216, 15, 0, 0, 0, 0, 0),
(319, 2700.21, -1220.5, 63.3897, 15000, '', 0, 0, 0, 0, 0, 0, 2, 'Caesar Rd', 1028, 90216, 15, 0, 0, 0, 0, 0),
(321, 2700.21, -1216.36, 64.739, 15000, '', 0, 0, 0, 0, 0, 0, 0, 'Caesar Rd', 1030, 90216, 15, 0, 0, 0, 0, 0),
(323, 2700.21, -1211.85, 66.1283, 15000, '', 0, 0, 0, 0, 0, 0, 8, 'Caesar Rd', 1032, 90216, 15, 0, 0, 0, 0, 0),
(325, 2700.21, -1207.62, 67.262, 15000, '', 0, 0, 0, 0, 0, 0, 12, 'Caesar Rd', 1034, 90216, 15, 0, 0, 0, 0, 0),
(327, 2700.21, -1203.05, 68.1962, 15000, '', 0, 0, 0, 0, 0, 0, 0, 'Caesar Rd', 1036, 90216, 15, 0, 0, 0, 0, 0),
(329, 2700.21, -1200.11, 68.9706, 15000, '', 0, 0, 0, 0, 0, 0, 2, 'Caesar Rd', 1038, 90216, 15, 0, 0, 0, 0, 0),
(331, 998.065, -999.979, 1001.5, 10000, 'Adriano_Martinez', 0, 0, 0, 0, 0, 0, 56, 'Glen Park Apt', 2, 90216, 10, 0, 0, 0, 0, 0),
(333, 2707.31, -1238.02, 59.6741, 15000, '', 0, 0, 0, 0, 0, 0, 2, 'Saints Blvd', 1021, 90216, 15, 0, 0, 0, 0, 0),
(335, 2707.31, -1233.5, 61.0714, 15000, '', 0, 0, 0, 0, 0, 0, 8, 'Saints Blvd', 1023, 90216, 15, 0, 0, 0, 0, 0),
(337, 2707.31, -1229.24, 62.301, 15000, '', 0, 0, 0, 0, 0, 0, 0, 'Saints Blvd', 1025, 90216, 15, 0, 0, 0, 0, 0),
(339, 2707.31, -1224.7, 63.5864, 15000, '', 0, 0, 0, 0, 0, 0, 2, 'Saints Blvd', 1027, 90216, 15, 0, 0, 0, 0, 0),
(341, 2707.31, -1220.54, 64.88, 15000, '', 0, 0, 0, 0, 0, 0, 0, 'Saints Blvd', 1029, 90216, 15, 0, 0, 0, 0, 0),
(343, 2707.31, -1216.32, 66.229, 15000, '', 0, 0, 0, 0, 0, 0, 8, 'Saints Blvd', 1031, 90216, 15, 0, 0, 0, 0, 0),
(345, 2707.31, -1211.75, 67.6182, 15000, '', 0, 0, 0, 0, 0, 0, 12, 'Saints Blvd', 1033, 90216, 15, 0, 0, 0, 0, 0),
(347, 2707.31, -1207.56, 68.752, 15000, '', 0, 0, 0, 0, 0, 0, 2, 'Saints Blvd', 1035, 90216, 15, 0, 0, 0, 0, 0),
(349, 2707.31, -1203.07, 69.6861, 15000, '', 0, 0, 0, 0, 0, 0, 0, 'Saints Blvd', 1037, 90216, 15, 0, 0, 0, 0, 0),
(351, 1007.63, -999.979, 1001.5, 10000, '', 0, 0, 0, 0, 0, 0, 22, 'Glen Park Apt', 3, 90216, 10, 0, 0, 0, 0, 0),
(353, 1011.88, -998.761, 1001.5, 10000, '', 0, 0, 0, 0, 0, 0, 45, 'Glen Park Apt', 4, 90216, 10, 0, 0, 0, 0, 0),
(355, 2707.31, -1200.06, 70.4614, 15000, '', 0, 0, 0, 0, 0, 0, 8, 'Saints Blvd', 1039, 90216, 15, 0, 0, 0, 0, 0),
(357, 1010.34, -995.596, 1001.5, 10000, '', 0, 0, 0, 0, 0, 0, 2, 'Glen Park Apt', 5, 90216, 10, 0, 0, 0, 0, 0),
(359, 1007.13, -992.267, 1001.5, 10000, 'Devon_Rouillard', 0, 0, 0, 0, 0, 0, 13, 'Glen Park Apt', 6, 90216, 10, 0, 0, 0, 0, 0),
(361, 998.604, -992.448, 1001.5, 8000, 'Anthony_Moretti', 0, 0, 0, 0, 0, 0, 48, 'Glen Park Apt', 7, 90216, 10, 0, 0, 0, 0, 0),
(363, 2670.28, -1238.01, 55.7325, 15000, '', 0, 0, 0, 0, 0, 0, 8, 'Caesar Rd', 1041, 90216, 15, 0, 0, 0, 0, 0),
(365, 2670.28, -1233.53, 57.1195, 15000, '', 0, 0, 0, 0, 0, 0, 12, 'Caesar Rd', 1043, 90216, 15, 0, 0, 0, 0, 0),
(367, 2670.28, -1229.2, 58.3582, 15000, '', 0, 0, 0, 0, 0, 0, 1, 'Caesar Rd', 1045, 90216, 15, 0, 0, 0, 0, 0),
(369, 2670.28, -1224.69, 59.6344, 15000, '', 0, 0, 0, 0, 0, 0, 0, 'Caesar Rd', 1047, 90216, 15, 0, 0, 0, 0, 0),
(371, 2670.28, -1220.51, 60.922, 15000, '', 0, 0, 0, 0, 0, 0, 12, 'Caesar Rd', 1049, 90216, 15, 0, 0, 0, 0, 0),
(373, 2670.28, -1216.29, 62.2686, 15000, '', 0, 0, 0, 0, 0, 0, 0, 'Caesar Rd', 1051, 90216, 15, 0, 0, 0, 0, 0),
(375, 2670.28, -1211.73, 63.6701, 15000, '', 0, 0, 0, 0, 0, 0, 1, 'Caesar Rd', 1053, 90216, 15, 0, 0, 0, 0, 0),
(377, 2670.28, -1207.61, 64.7996, 15000, '', 0, 0, 0, 0, 0, 0, 8, 'Caesar Rd', 1055, 90216, 15, 0, 0, 0, 0, 0),
(379, 2670.28, -1203.08, 65.7257, 15000, '', 0, 0, 0, 0, 0, 0, 2, 'Caesar Rd', 1057, 90216, 15, 0, 0, 0, 0, 0),
(381, 2670.28, -1200.11, 66.4893, 15000, '', 0, 0, 0, 0, 0, 0, 12, 'Caesar Rd', 1059, 90216, 15, 0, 0, 0, 0, 0),
(383, 2683.44, -1238.11, 56.0201, 15000, '', 0, 0, 0, 0, 0, 0, 2, 'Caesar Rd', 1040, 90216, 15, 0, 0, 0, 0, 0),
(385, 2683.44, -1233.53, 57.4173, 15000, '', 0, 0, 0, 0, 0, 0, 1, 'Caesar Rd', 1042, 90216, 15, 0, 0, 0, 0, 0),
(387, 2683.44, -1229.26, 58.6469, 15000, '', 0, 0, 0, 0, 0, 0, 8, 'Caesar Rd', 1044, 90216, 15, 0, 0, 0, 0, 0),
(389, 2683.44, -1224.76, 59.9322, 15000, '', 0, 0, 0, 0, 0, 0, 2, 'Caesar Rd', 1046, 90216, 15, 0, 0, 0, 0, 0),
(391, -2119.65, -194.452, 35.3203, 9999999, '', 0, 0, 0, 0, 0, 0, 24, 'S.W.A.T. SCHOOL', 9111, 90208, 50, 0, 0, 0, 0, 0),
(393, 2683.44, -1220.59, 61.2257, 15000, '', 0, 0, 0, 0, 0, 0, 0, 'Caesar Rd', 1048, 90216, 15, 0, 0, 0, 0, 0),
(395, 2683.44, -1216.34, 62.5749, 15000, '', 0, 0, 0, 0, 0, 0, 12, 'Caesar Rd', 1050, 90216, 15, 0, 0, 0, 0, 0),
(397, -2106.95, -194.45, 35.3203, 9999999, '', 0, 0, 0, 0, 0, 0, 37, 'S.W.A.T. SCHOOL', 9111, 90218, 9111, 0, 0, 0, 0, 0),
(399, 2683.44, -1211.81, 63.9641, 15000, '', 0, 0, 0, 0, 0, 0, 1, 'Caesar Rd', 1052, 90216, 15, 0, 0, 0, 0, 0),
(401, 2683.44, -1207.59, 65.0979, 15000, '', 0, 0, 0, 0, 0, 0, 8, 'Caesar Rd', 1054, 90216, 15, 0, 0, 0, 0, 0),
(403, 2683.44, -1203.07, 66.0321, 15000, '', 0, 0, 0, 0, 0, 0, 0, 'Caesar Rd', 1056, 90216, 15, 0, 0, 0, 0, 0),
(405, 2683.44, -1200.08, 66.8065, 15000, '', 0, 0, 0, 0, 0, 0, 2, 'Caesar Rd', 1058, 90216, 15, 0, 0, 0, 0, 0),
(407, 2663.18, -1238.1, 55.6738, 15000, '', 0, 0, 0, 0, 0, 0, 2, 'Caesar Rd', 1060, 90216, 15, 0, 0, 0, 0, 0),
(409, 2663.18, -1233.6, 57.0715, 15000, '', 0, 0, 0, 0, 0, 0, 0, 'Caesar Rd', 1062, 90216, 15, 0, 0, 0, 0, 0),
(411, 2663.18, -1229.31, 58.3, 15000, '', 0, 0, 0, 0, 0, 0, 8, 'Caesar Rd', 1064, 90216, 15, 0, 0, 0, 0, 0),
(413, 2663.18, -1224.74, 59.5865, 15000, '', 0, 0, 0, 0, 0, 0, 2, 'Caesar Rd', 1066, 90216, 15, 0, 0, 0, 0, 0),
(415, 2663.18, -1220.59, 60.8748, 15000, '', 0, 0, 0, 0, 0, 0, 12, 'Caesar Rd', 1068, 90216, 15, 0, 0, 0, 0, 0),
(417, 2808.01, -1175.91, 25.3822, 50000, '', 0, 0, 0, 0, 0, 0, 37, 'Santa Monica Blvd', 6911, 90216, 50, 0, 0, 0, 0, 0),
(419, 2663.18, -1216.33, 62.2237, 15000, '', 0, 0, 0, 0, 0, 0, 1, 'Caesar Rd', 1070, 90216, 15, 0, 0, 0, 0, 0),
(421, 2663.18, -1211.81, 63.6238, 15000, '', 0, 0, 0, 0, 0, 0, 2, 'Caesar Rd', 1072, 90216, 15, 0, 0, 0, 0, 0),
(423, 2663.18, -1207.64, 64.7609, 15000, '', 0, 0, 0, 0, 0, 0, 8, 'Caesar Rd', 1074, 90216, 15, 0, 0, 0, 0, 0),
(425, 2663.18, -1203.08, 65.6854, 15000, '', 0, 0, 0, 0, 0, 0, 0, 'Caesar Rd', 1076, 90216, 15, 0, 0, 0, 0, 0),
(429, 2663.18, -1200.13, 66.4672, 15000, '', 0, 0, 0, 0, 0, 0, 1, 'Caesar Rd', 1078, 90216, 15, 0, 0, 0, 0, 0),
(431, 2750.39, -1238.63, 61.5245, 45000, '', 0, 0, 0, 0, 0, 0, 49, 'Saints blvd', 6430, 90216, 45, 0, 0, 0, 0, 0),
(433, 2750.39, -1222.18, 64.6016, 45000, '', 0, 0, 0, 0, 0, 0, 51, 'Saints blvd', 6428, 90216, 45, 0, 0, 0, 0, 0),
(435, 2750.39, -1205.74, 67.4844, 45000, '', 0, 0, 0, 0, 0, 0, 32, 'Saints blvd', 6426, 90216, 45, 0, 0, 0, 0, 0),
(437, 2797.76, -1245.37, 47.3853, 65000, '', 0, 0, 0, 0, 0, 0, 37, 'bush ST', 6683, 90216, 65, 0, 0, 0, 0, 0),
(439, 2776.15, -1245.37, 49.5797, 65000, '', 0, 0, 0, 0, 0, 0, 27, 'bush ST', 6214, 90216, 65, 0, 0, 0, 0, 0),
(441, 2782.16, -1281.24, 44.3701, 65000, '', 0, 0, 0, 0, 0, 0, 23, 'bush ST', 6684, 90216, 65, 0, 0, 0, 0, 0),
(443, 2809.51, -1281.2, 43.8797, 60000, '', 0, 0, 0, 0, 0, 0, 25, 'bush st', 6685, 90216, 60, 0, 0, 0, 0, 0),
(445, 2809.53, -1303.04, 38.9221, 50000, '', 0, 0, 0, 0, 0, 0, 32, 'bush ST', 6687, 90216, 50, 0, 0, 0, 0, 0),
(447, 2782.15, -1306.19, 38.8922, 65000, '', 0, 0, 0, 0, 0, 0, 27, 'bush ST', 6686, 90216, 65, 0, 0, 0, 0, 0),
(449, 2809.53, -1324.71, 33.8766, 50000, '', 0, 0, 0, 0, 0, 0, 44, 'bush ST', 6689, 90216, 50, 0, 0, 0, 0, 0),
(451, 2781.94, -1333.2, 32.3991, 65000, '', 0, 0, 0, 0, 0, 0, 51, 'bush ST', 6688, 90216, 65, 0, 0, 0, 0, 0),
(453, 2781.94, -1358.46, 26.3704, 65000, '', 0, 0, 0, 0, 0, 0, 49, 'bush ST', 6690, 90216, 65, 0, 0, 0, 0, 0),
(455, 2807.98, -1354.05, 27.218, 50000, '', 0, 0, 0, 0, 0, 0, 41, 'bush st', 6561, 90216, 50, 0, 0, 0, 0, 0),
(457, 2807.99, -1369.67, 23.583, 45000, '', 0, 0, 0, 0, 0, 0, 44, 'bush st', 6819, 90216, 45, 0, 0, 0, 0, 0),
(459, 2851.85, -1365.97, 14.1708, 50000, '', 0, 0, 0, 0, 0, 0, 53, 'Santa Montica blvd', 671, 90216, 50, 0, 0, 0, 0, 0),
(461, 2842, -1334.81, 14.7421, 80000, '', 0, 0, 0, 0, 0, 0, 34, 'Santa monica blvd', 5012, 90216, 80, 0, 0, 0, 0, 0),
(463, 2847.01, -1309.77, 14.6947, 80000, '', 0, 0, 0, 0, 0, 0, 51, 'santa monica blvd', 5017, 90216, 80, 0, 0, 0, 0, 0),
(465, 2807.95, -1190.88, 25.3444, 50000, '', 0, 0, 0, 0, 0, 0, 31, 'santa monica blvd', 6912, 90216, 50, 0, 0, 0, 0, 0),
(467, 2770.81, -1628.72, 12.1775, 25000, '', 0, 0, 0, 0, 0, 0, 2, 'Anthony ST', 7721, 90216, 70, 0, 0, 0, 0, 0),
(469, 2622.21, -1238.06, 51.268, 15000, '', 0, 0, 0, 0, 0, 0, 2, 'Caesar Rd', 1079, 90216, 15, 0, 0, 0, 0, 0),
(471, 2787.07, -1926.15, 13.5469, 40000, '', 0, 0, 0, 0, 0, 0, 5, 'Sand ST', 8124, 90217, 50, 0, 0, 0, 0, 0),
(473, 2787.07, -1952.63, 13.5469, 45000, '', 0, 0, 0, 0, 0, 0, 6, 'Sand ST', 7912, 90217, 50, 0, 0, 0, 0, 0),
(475, 2751.5, -1962.82, 13.5469, 45000, '', 0, 0, 0, 0, 0, 0, 16, 'SAnd ST', 8168, 90217, 50, 0, 0, 0, 0, 0),
(477, 2751.5, -1936.26, 13.5394, 45000, '', 0, 0, 0, 0, 0, 0, 14, 'Sand ST', 6921, 90217, 60, 0, 0, 0, 0, 0),
(479, 2801.92, -1936.47, 13.5469, 45000, '', 0, 0, 0, 0, 0, 0, 13, 'sand ST', 7912, 90217, 60, 0, 0, 0, 0, 0),
(481, 2801.92, -1962.74, 13.5469, 45000, '', 0, 0, 0, 0, 0, 0, 15, 'SAnd ST', 7810, 90217, 60, 0, 0, 0, 0, 0),
(483, 2695.3, -2020.55, 14.0223, 45000, 'Trevon_Banks', 0, 0, 0, 0, 0, 0, 6, 'owl ST', 1671, 90217, 45, 0, 0, 0, 0, 0),
(485, 2673.23, -2020.29, 14.1682, 45000, ' ', 0, 0, 0, 0, 0, 0, 19, 'owl ST', 1673, 90217, 45, 0, 0, 0, 0, 0),
(487, 2650.7, -2021.9, 14.1766, 55000, '', 0, 0, 0, 0, 0, 0, 48, 'owl st', 1675, 90217, 55, 0, 0, 0, 0, 0),
(489, 2635.53, -2012.81, 14.1443, 50000, '', 0, 0, 0, 0, 0, 0, 22, 'owl st', 1677, 90217, 50, 0, 0, 0, 0, 0),
(491, 2637.1, -1991.68, 14.324, 50000, '', 0, 0, 0, 0, 0, 0, 18, 'owl st', 1678, 90217, 50, 0, 0, 0, 0, 0),
(493, 2652.61, -1989.43, 13.9988, 45000, 'Jerome_Montana', 0, 0, 0, 0, 0, 0, 25, 'owl st', 1676, 90217, 45, 0, 200, 200, 0, 0),
(495, 2672.61, -1989.48, 14.324, 45000, 'Kaemor_Banks', 0, 0, 0, 0, 0, 25000, 48, 'owl st', 1674, 90217, 45, 0, 0, 0, 0, 0),
(497, 2696.31, -1990.36, 14.2229, 45000, '', 0, 0, 0, 0, 0, 0, 22, 'owl st', 1672, 90217, 45, 0, 0, 0, 0, 0),
(499, 2736.65, -1952.6, 13.5469, 45000, '', 0, 0, 0, 0, 0, 0, 6, 'sand ST', 1790, 90217, 60, 0, 0, 0, 0, 0),
(501, 2736.65, -1926.11, 13.5469, 45000, '', 0, 0, 0, 0, 0, 0, 13, 'sand ST', 8192, 90217, 60, 0, 0, 0, 0, 0),
(503, 2493.01, -1958.75, 13.581, 10000, '', 0, 0, 0, 0, 0, 0, 2, 'Francis ST', 2414, 90216, 50, 0, 0, 0, 0, 0),
(505, 2485.38, -1958.74, 13.5811, 10000, '', 0, 0, 0, 0, 0, 0, 8, 'Francis ST', 2145, 90216, 50, 0, 0, 0, 0, 0),
(507, 2479.02, -1958.75, 13.581, 10000, '', 0, 0, 0, 0, 0, 0, 4, 'Francis ST', 1892, 90216, 50, 0, 0, 0, 0, 0),
(509, 2472.58, -1958.75, 13.581, 10000, '', 0, 0, 0, 0, 0, 0, 9, 'Francis ST', 1235, 90216, 50, 0, 0, 0, 0, 0),
(511, 2469.51, -1955.24, 13.6171, 10000, '', 0, 0, 0, 0, 0, 0, 2, 'Francis ST', 1280, 90216, 50, 0, 0, 0, 0, 0),
(513, 2463.03, -1957.54, 16.7933, 40000, '', 0, 0, 0, 0, 0, 0, 38, 'Francis ST', 1239, 90216, 60, 0, 0, 0, 0, 0),
(515, 2515.54, -1957.55, 16.7936, 45000, '', 0, 0, 0, 0, 0, 0, 6, 'Francis ST', 1129, 90216, 60, 0, 0, 0, 0, 0),
(517, 2296.5, -1882.01, 14.2344, 20000, 'Richard_Pacelli', 0, 0, 0, 0, 0, 0, 32, 'John Paul St', 1990, 90216, 20, 0, 0, 0, 0, 0),
(519, 2269.3, -1882.01, 14.2344, 20000, '', 0, 0, 0, 0, 0, 0, 35, 'John Paul St', 1992, 90216, 20, 0, 0, 0, 0, 0),
(521, 2241.81, -1882.01, 14.2344, 20000, '', 0, 0, 0, 0, 0, 0, 41, 'John Paul St', 1994, 90216, 20, 0, 0, 0, 0, 0),
(523, 2238.14, -1906.83, 14.9375, 50000, '', 0, 0, 0, 0, 0, 0, 36, 'John Paul St', 1995, 90216, 50, 0, 0, 0, 0, 0),
(525, 2261.41, -1906.75, 14.9375, 50000, '', 0, 0, 0, 0, 0, 0, 40, 'John Paul St', 1993, 90216, 50, 0, 0, 0, 0, 0),
(527, 2284.64, -1906.6, 14.9297, 50000, '', 0, 0, 0, 0, 0, 0, 36, 'John Paul St', 1991, 90216, 50, 0, 0, 0, 0, 0),
(529, 2062.97, -1867.24, 13.6952, 15000, 'Walter_Harper', 0, 0, 0, 0, 0, 0, 9, 'Gates ST', 1090, 90216, 15, 0, 0, 0, 0, 0),
(531, 2059.26, -1877.91, 13.6952, 15000, 'Jason_Harper', 0, 0, 0, 0, 0, 0, 9, 'Gates ST', 1091, 90216, 15, 0, 0, 0, 0, 0),
(533, 2049.95, -1871.16, 13.6952, 15000, 'Clayton_Johnson', 0, 0, 0, 0, 0, 0, 9, 'Gates ST', 1092, 90216, 15, 0, 0, 0, 0, 0),
(535, 2067.05, -1731.54, 14.2066, 35000, ' ', 0, 0, 0, 0, 0, 0, 52, 'Guantanamo Ave', 1113, 90218, 35, 0, 0, 0, 0, 0),
(537, 2066.59, -1717.23, 13.8058, 30000, '', 0, 0, 0, 0, 0, 0, 5, 'Guantanamo Ave', 1115, 90216, 30, 0, 0, 0, 0, 0),
(539, 2065.11, -1703.45, 14.1484, 50000, 'Lucero_Nemesio', 0, 0, 0, 0, 0, 0, 25, 'Guantanamo Ave', 1117, 90216, 50, 0, 0, 0, 0, 0),
(541, 2622.21, -1233.54, 52.6651, 15000, '', 0, 0, 0, 0, 0, 0, 1, 'Caesar Rd', 1081, 90216, 15, 0, 0, 0, 0, 0),
(543, 2622.21, -1229.26, 53.8946, 15000, '', 0, 0, 0, 0, 0, 0, 8, 'Caesar Rd', 1083, 90216, 15, 0, 0, 0, 0, 0),
(545, 2622.21, -1224.72, 55.1801, 15000, '', 0, 0, 0, 0, 0, 0, 0, 'Caesar Rd', 1085, 90216, 15, 0, 0, 0, 0, 0),
(547, 2622.21, -1220.54, 56.4735, 15000, '', 0, 0, 0, 0, 0, 0, 12, 'Caesar Rd', 1087, 90216, 15, 0, 0, 0, 0, 0),
(549, 2622.21, -1216.33, 57.8227, 15000, '', 0, 0, 0, 0, 0, 0, 2, 'Caesar Rd', 1089, 90216, 15, 0, 0, 0, 0, 0),
(551, 2622.21, -1211.73, 59.2119, 15000, '', 0, 0, 0, 0, 50, 0, 8, 'Caesar Rd', 1091, 90216, 15, 0, 0, 0, 0, 0),
(553, 2622.21, -1207.59, 60.3457, 15000, '', 0, 0, 0, 0, 0, 0, 1, 'Caesar Rd', 1093, 90216, 15, 0, 0, 0, 0, 0),
(555, 2622.21, -1203.03, 61.28, 15000, '', 0, 0, 0, 0, 0, 0, 0, 'Caesar Rd', 1095, 90216, 15, 0, 0, 0, 0, 0),
(557, 2622.21, -1200.03, 62.0544, 15000, '', 0, 0, 0, 0, 0, 0, 2, 'Caesar Rd', 1097, 90216, 15, 0, 0, 0, 0, 0),
(559, 2615.11, -1238.08, 49.9844, 15000, '', 0, 0, 0, 0, 0, 0, 1, 'Caesar Rd', 1080, 90216, 15, 0, 0, 0, 0, 0),
(561, 2615.11, -1233.58, 51.3828, 15000, '', 0, 0, 0, 0, 0, 0, 2, 'Caesar Rd', 1082, 90216, 15, 0, 0, 0, 0, 0),
(563, 2615.11, -1229.31, 52.6094, 15000, '', 0, 0, 0, 0, 0, 0, 8, 'Caesar Rd', 1084, 90216, 15, 0, 0, 0, 0, 0),
(565, 2615.11, -1224.69, 53.8984, 15000, '', 0, 0, 0, 0, 0, 0, 1, 'Caesar Rd', 1086, 90216, 15, 0, 0, 0, 0, 0),
(567, 2615.11, -1220.57, 55.1875, 15000, '', 0, 0, 0, 0, 0, 0, 0, 'Caesar Rd', 1088, 90216, 15, 0, 0, 0, 0, 0),
(569, 2615.11, -1216.32, 56.5391, 15000, '', 0, 0, 0, 0, 0, 0, 12, 'Caesar Rd', 1090, 90216, 15, 0, 0, 0, 0, 0),
(571, 2615.11, -1211.8, 57.9375, 15000, '', 0, 0, 0, 0, 0, 0, 1, 'Caesar Rd', 1092, 90216, 15, 0, 0, 0, 0, 0),
(573, 2615.11, -1207.62, 59.0703, 15000, '', 0, 0, 0, 0, 0, 0, 0, 'Caesar Rd', 1094, 90216, 15, 0, 0, 0, 0, 0),
(575, 2615.11, -1203.1, 60, 15000, '', 0, 0, 0, 0, 0, 0, 2, 'Caesar Rd', 1096, 90216, 15, 0, 0, 0, 0, 0),
(577, 2615.11, -1200.12, 60.7812, 15000, '', 0, 0, 0, 0, 0, 0, 8, 'Caesar Rd', 1098, 90216, 15, 0, 0, 0, 0, 0),
(579, 2587.4, -1200.12, 59.3578, 15000, '', 0, 0, 0, 0, 41, 0, 2, 'St Joseph Rd', 2038, 90216, 15, 0, 0, 0, 0, 0),
(581, 2587.4, -1203.12, 58.576, 15000, '', 0, 0, 0, 0, 0, 0, 1, 'St Joseph Rd', 2036, 90216, 15, 0, 0, 0, 0, 0),
(583, 2587.4, -1207.61, 57.6515, 15000, '', 0, 0, 0, 0, 0, 0, 12, 'St Joseph Rd', 2034, 90216, 15, 0, 0, 0, 0, 0),
(585, 2587.4, -1238.1, 48.5644, 15000, '', 0, 0, 0, 0, 0, 0, 2, 'St Joseph Rd', 2020, 90216, 15, 0, 0, 0, 0, 0),
(587, 2587.4, -1233.55, 49.9621, 15000, '', 0, 0, 0, 0, 0, 0, 8, 'St Joseph Rd', 2022, 90216, 15, 0, 0, 0, 0, 0),
(589, 2587.4, -1229.3, 51.1906, 15000, '', 0, 0, 0, 0, 0, 0, 12, 'St Joseph Rd', 2024, 90216, 15, 0, 0, 0, 0, 0),
(591, 2587.4, -1224.74, 52.4771, 15000, '', 0, 0, 0, 0, 0, 0, 1, 'St Joseph Rd', 2026, 90216, 15, 0, 0, 0, 0, 0),
(593, 2587.4, -1220.57, 53.7654, 15000, '', 0, 0, 0, 0, 0, 430, 0, 'St Joseph Rd', 2028, 90216, 15, 0, 0, 0, 0, 0),
(595, 2587.4, -1216.35, 55.1144, 15000, '', 0, 0, 0, 0, 0, 0, 2, 'St Joseph Rd', 2030, 90216, 15, 0, 0, 0, 0, 0),
(597, 2587.39, -1211.81, 56.5144, 15000, '', 0, 0, 0, 0, 0, 0, 8, 'St Joseph Rd', 2032, 90216, 15, 0, 0, 0, 0, 0),
(603, 2608.15, -1238.06, 50.2054, 15000, '', 0, 0, 0, 0, 0, 0, 2, 'Caesar Rd', 1099, 90216, 15, 0, 0, 0, 0, 0),
(605, 2608.15, -1233.48, 51.6027, 15000, '', 0, 0, 0, 0, 0, 0, 1, 'Caesar Rd', 1101, 90216, 15, 0, 0, 0, 0, 0),
(607, 2608.15, -1229.2, 52.8321, 15000, '', 0, 0, 0, 0, 0, 0, 0, 'Caesar Rd', 1103, 90216, 15, 0, 0, 0, 0, 0),
(609, 2608.15, -1224.66, 54.1176, 15000, '', 0, 0, 0, 0, 0, 0, 12, 'Caesar Rd', 1105, 90216, 15, 0, 0, 0, 0, 0),
(611, 2608.15, -1220.54, 55.411, 15000, '', 0, 0, 0, 0, 0, 0, 0, 'Caesar Rd', 1107, 90216, 15, 0, 0, 0, 0, 0),
(613, 2608.15, -1216.32, 56.7603, 15000, '', 0, 0, 0, 0, 0, 0, 2, 'Caesar Rd', 1109, 90216, 15, 0, 0, 0, 0, 0),
(615, 2608.15, -1211.74, 58.1495, 15000, '', 0, 0, 0, 0, 0, 0, 8, 'Caesar Rd', 1111, 90216, 15, 0, 0, 0, 0, 0),
(617, 2608.15, -1207.56, 59.2832, 15000, '', 0, 0, 0, 0, 0, 0, 1, 'Caesar Rd', 1113, 90216, 15, 0, 0, 0, 0, 0),
(619, 2608.15, -1203.05, 60.2174, 15000, '', 0, 0, 0, 0, 0, 0, 2, 'Caesar Rd', 1115, 90216, 15, 0, 0, 0, 0, 0),
(621, 2608.15, -1200.11, 60.9917, 15000, '', 0, 0, 0, 0, 0, 0, 0, 'Caesar Rd', 1117, 90216, 15, 0, 0, 0, 0, 0),
(623, 2601.05, -1238.1, 48.7155, 15000, '', 0, 0, 0, 0, 0, 50000, 8, 'Caesar Rd', 1100, 90216, 15, 0, 0, 0, 0, 0),
(625, 2601.05, -1233.56, 50.1127, 15000, '', 0, 0, 0, 0, 9999, 0, 2, 'Caesar Rd', 1102, 90216, 15, 0, 0, 0, 0, 0),
(627, 2601.05, -1229.27, 51.3422, 15000, '', 0, 0, 0, 0, 0, 0, 12, 'Caesar Rd', 1104, 90216, 15, 0, 0, 0, 0, 0),
(629, 2601.05, -1224.77, 52.6275, 15000, '', 0, 0, 0, 0, 0, 0, 0, 'Caesar Rd', 1106, 90216, 15, 0, 0, 0, 0, 0),
(631, 2601.05, -1220.51, 53.921, 15000, '', 0, 0, 0, 0, 0, 0, 1, 'Caesar Rd', 1108, 90216, 15, 0, 0, 0, 0, 0),
(633, 2601.05, -1216.36, 55.2703, 15000, '', 0, 0, 0, 0, 0, 0, 8, 'Caesar Rd', 1110, 90216, 15, 0, 0, 0, 0, 0),
(635, 2601.05, -1211.77, 56.6594, 15000, '', 0, 0, 0, 0, 0, 0, 2, 'Caesar Rd', 1112, 90216, 15, 0, 0, 0, 0, 0),
(637, 2601.05, -1207.63, 57.7933, 15000, '', 0, 0, 0, 0, 0, 0, 12, 'Caesar Rd', 1114, 90216, 15, 0, 0, 0, 0, 0),
(639, 2601.05, -1203.04, 58.7274, 15000, '', 0, 0, 0, 0, 0, 0, 0, 'Caesar Rd', 1116, 90216, 15, 0, 0, 0, 0, 0),
(641, 2601.05, -1200.15, 59.5017, 15000, '', 0, 0, 0, 0, 0, 0, 2, 'Caesar Rd', 1118, 90216, 15, 0, 0, 0, 0, 0),
(643, 2594.5, -1237.98, 48.5644, 15000, '', 0, 0, 0, 0, 0, 0, 0, 'Caesar Rd', 1119, 90216, 15, 0, 0, 0, 0, 0),
(645, 2594.5, -1233.48, 49.9621, 15000, '', 0, 0, 0, 0, 0, 0, 12, 'Caesar Rd', 1121, 90216, 15, 0, 0, 0, 0, 0),
(647, 2594.5, -1229.24, 51.1906, 15000, '', 0, 0, 0, 0, 0, 0, 2, 'Caesar Rd', 1123, 90216, 15, 0, 0, 0, 0, 0),
(649, 2594.5, -1224.67, 52.4771, 15000, '', 0, 0, 0, 0, 0, 0, 8, 'Caesar Rd', 1125, 90216, 15, 0, 0, 0, 0, 0),
(651, 2594.5, -1220.5, 53.7654, 15000, '', 0, 0, 0, 0, 0, 0, 1, 'Caesar Rd', 1127, 90216, 15, 0, 0, 0, 0, 0),
(653, 2594.5, -1216.27, 55.1144, 15000, '', 0, 0, 0, 0, 0, 0, 2, 'Caesar Rd', 1129, 90216, 15, 0, 0, 0, 0, 0),
(655, 2594.5, -1211.73, 56.5144, 15000, '', 0, 0, 0, 0, 0, 0, 0, 'Caesar Rd', 1131, 90216, 15, 0, 0, 0, 0, 0),
(657, 2594.51, -1207.53, 57.6515, 15000, '', 0, 0, 0, 0, 0, 0, 8, 'Caesar Rd', 1133, 90216, 15, 0, 0, 0, 0, 0),
(659, 2594.5, -1203.07, 58.576, 15000, '', 0, 0, 0, 0, 50, 0, 1, 'Caesar Rd', 1135, 90216, 15, 0, 0, 0, 0, 0),
(661, 2594.5, -1200.03, 59.3578, 15000, '', 0, 0, 0, 0, 0, 0, 2, 'Caesar Rd', 1137, 90216, 15, 0, 0, 0, 0, 0),
(663, 2625.94, -1112.57, 67.9953, 35000, '', 0, 0, 0, 0, 0, 0, 31, 'Forum St', 3452, 90216, 35, 0, 0, 0, 0, 0),
(665, 2625.93, -1098.75, 69.357, 35000, '', 0, 0, 0, 0, 0, 0, 37, 'Forum St', 3454, 90216, 35, 0, 0, 0, 0, 0),
(667, 2627.64, -1085.17, 69.7156, 35000, '', 0, 0, 0, 0, 10, 0, 31, 'Forum St', 3456, 90216, 35, 0, 0, 0, 0, 0),
(669, 2628.1, -1067.85, 69.7156, 35000, '', 0, 0, 0, 0, 0, 0, 36, 'Forum St', 3458, 90216, 35, 0, 0, 0, 0, 0),
(671, 2045.47, -1116.65, 26.3617, 45000, '', 0, 0, 0, 0, 0, 0, 18, 'Park North', 555, 90216, 45, 0, 0, 0, 0, 0),
(673, 2022.85, -1120.26, 26.421, 40000, '', 0, 0, 0, 0, 0, 0, 25, 'Park North', 553, 90216, 40, 0, 0, 0, 0, 0),
(675, 2000.05, -1114.05, 27.125, 50000, '', 0, 0, 0, 0, 0, 0, 32, 'Park North', 551, 90216, 50, 0, 0, 0, 0, 0),
(677, 1955.12, -1115.3, 27.8305, 35000, '', 0, 0, 0, 0, 0, 0, 43, 'Park North', 549, 90216, 35, 0, 0, 0, 0, 0),
(679, 1939.11, -1114.49, 27.4523, 40000, ' ', 0, 0, 0, 0, 0, 0, 41, 'Park North', 547, 90216, 40, 0, 0, 0, 0, 0),
(681, 1921.3, -1115.16, 27.0883, 35000, '', 0, 0, 0, 0, 0, 0, 19, 'Park North', 545, 90216, 35, 0, 0, 0, 0, 0),
(683, 1906.06, -1112.94, 26.6641, 45000, '', 0, 0, 0, 0, 0, 0, 18, 'Park North', 543, 90216, 45, 0, 0, 0, 0, 0),
(685, 1885.88, -1113.56, 26.2758, 40000, '', 0, 0, 0, 0, 0, 0, 45, 'Park North', 541, 90216, 40, 0, 0, 0, 0, 0),
(687, 2094.01, -1122.67, 27.6899, 35000, '', 0, 0, 0, 0, 0, 0, 32, 'Majestic Rd', 230, 90216, 35, 0, 0, 0, 0, 0),
(689, 2095.36, -1145.23, 26.5929, 40000, '', 0, 0, 0, 0, 0, 0, 6, 'Majestic Rd', 232, 90216, 40, 0, 0, 0, 0, 0),
(691, 2092.24, -1166.44, 26.5859, 40000, '', 0, 0, 0, 0, 0, 0, 24, 'Majestic Rd', 234, 90216, 40, 0, 0, 0, 0, 0),
(693, 2091.67, -1184.3, 27.0571, 30000, 'Pablo_Lopez', 0, 0, 0, 0, 0, 0, 23, 'Majestic Rd', 236, 90216, 30, 0, 0, 0, 0, 0),
(695, 2373.85, -8.62312, 28.4416, 65000, '', 0, 0, 0, 0, 0, 0, 25, 'Maple Rd', 120, 90208, 65, 0, 0, 0, 0, 0),
(697, 2050.76, -1065.68, 25.7836, 30000, '', 0, 0, 0, 0, 0, 0, 45, 'E Vinewood St', 813, 90216, 30, 0, 0, 0, 0, 0),
(699, 2061.01, -1075.33, 25.6864, 25000, '', 0, 0, 0, 0, 0, 0, 19, 'E Vinewood St', 815, 90216, 25, 0, 0, 0, 0, 0),
(701, 2075.33, -1081.92, 25.6814, 15000, '', 0, 0, 0, 0, 0, 0, 45, 'E Vinewood St', 817, 90216, 15, 0, 0, 0, 0, 0),
(703, 2082.54, -1085.19, 25.6875, 15000, '', 0, 0, 0, 0, 0, 0, 19, 'E Vinewood St', 819, 90216, 15, 0, 0, 0, 0, 0),
(705, 2035.85, -1059.26, 25.6508, 30000, '', 0, 0, 0, 0, 0, 0, 19, 'E Vinewood St', 811, 90216, 30, 0, 0, 0, 0, 0),
(707, 2023.03, -1052.92, 25.5961, 30000, '', 0, 0, 0, 0, 0, 0, 18, 'E Vinewood St', 809, 90216, 30, 0, 0, 0, 0, 0),
(709, 2083.08, -1039.68, 32.2101, 20000, '', 0, 0, 0, 0, 0, 0, 45, 'E Broadway St', 4011, 90216, 20, 0, 0, 0, 0, 0),
(711, 2093.78, -1047.33, 30.1077, 25000, '', 0, 0, 0, 0, 0, 0, 6, 'E Broadway St', 4013, 90216, 25, 0, 0, 0, 0, 0),
(713, 2099.82, -1051.74, 28.8157, 35000, '', 0, 0, 0, 0, 0, 0, 18, 'E Broadway St', 4015, 90216, 35, 0, 0, 0, 0, 0),
(715, 2105.58, -1056.11, 27.1416, 25000, '', 0, 0, 0, 0, 0, 0, 45, 'E Broadway St', 4017, 90216, 25, 0, 0, 0, 0, 0),
(717, 2077.35, -1057.02, 31.3467, 30000, '', 0, 0, 0, 0, 0, 0, 18, 'E Broadway St', 4010, 90216, 30, 0, 0, 0, 0, 0),
(719, 2091.53, -1068.16, 28.0854, 25000, '', 0, 0, 0, 0, 0, 0, 19, 'E Broadway St', 4012, 90216, 25, 0, 0, 0, 0, 0),
(721, 2101.61, -1075.86, 25.9324, 25000, '', 0, 0, 0, 0, 0, 0, 38, 'E Broadway St', 4014, 90216, 25, 0, 0, 0, 0, 0),
(723, 2108.79, -1082.33, 25.4911, 15000, '', 0, 0, 0, 0, 0, 0, 45, 'E Broadway St', 4016, 90216, 15, 0, 0, 0, 0, 0),
(725, 2140.54, -1082.48, 25.0351, 25000, '', 0, 0, 0, 0, 0, 0, 18, 'E Broadway St', 4019, 90216, 25, 0, 0, 0, 0, 0),
(727, 2145.34, -1084.71, 25.0369, 25000, '', 0, 0, 0, 0, 0, 0, 52, 'E Broadway St', 4021, 90216, 25, 0, 0, 0, 0, 0),
(729, 2129.69, -1361.69, 26.1363, 45000, '', 0, 0, 0, 0, 0, 0, 14, 'Carson St', 301, 90216, 45, 0, 0, 0, 0, 0),
(731, 2147.71, -1366.12, 25.9723, 45000, '', 0, 0, 0, 0, 0, 0, 35, 'Carson St', 303, 90216, 45, 0, 0, 0, 0, 0),
(733, 2185.18, -1363.71, 26.1598, 45000, '', 0, 0, 0, 0, 0, 0, 48, 'Carson St', 305, 90216, 45, 0, 0, 0, 0, 0),
(735, 2202.78, -1363.67, 26.191, 45000, '', 0, 0, 0, 0, 0, 0, 49, 'Carson St', 307, 90216, 45, 0, 0, 0, 0, 0),
(737, 2256.48, -1397.24, 24.5738, 35000, '', 0, 0, 0, 0, 0, 0, 18, 'Carson St', 310, 90216, 35, 0, 0, 0, 0, 0),
(739, 2243.53, -1397.24, 24.5738, 35000, '', 0, 0, 0, 0, 0, 0, 19, 'Carson St', 308, 90216, 35, 0, 0, 0, 0, 0),
(741, 2230.43, -1397.24, 24.5738, 35000, '', 0, 0, 0, 0, 0, 0, 14, 'Carson St', 306, 90216, 35, 0, 0, 0, 0, 0),
(743, 2232.59, -1469.34, 24.5816, 25000, '', 0, 0, 0, 0, 0, 0, 25, 'Forest Rd', 461, 90216, 25, 0, 0, 0, 0, 0),
(745, 2247.64, -1469.34, 24.4801, 25000, '', 0, 0, 0, 0, 0, 0, 19, 'Forest Rd', 463, 90216, 25, 0, 0, 0, 0, 0),
(747, 2263.87, -1469.33, 24.3707, 25000, '', 0, 0, 0, 0, 0, 0, 14, 'Forest Rd', 465, 90216, 25, 0, 0, 0, 0, 0),
(749, 2148.94, -1484.86, 26.6241, 55000, '', 0, 0, 0, 0, 0, 0, 31, 'Guantanemo Ave', 1012, 90216, 55, 0, 0, 0, 0, 0),
(751, 2151.18, -1400.68, 26.1285, 45000, 'Christopher_Murphy', 0, 0, 0, 0, 0, 0, 48, 'Guantanemo Ave', 1022, 90216, 45, 0, 0, 0, 0, 0),
(755, 2149.86, -1433.8, 26.0703, 45000, '', 0, 0, 0, 0, 0, 0, 35, 'Guantanemo Ave', 1018, 90216, 45, 0, 0, 0, 0, 0),
(757, 2152.22, -1446.38, 26.1051, 45000, '', 0, 0, 0, 0, 0, 0, 49, 'Guantanemo Ave', 1016, 90216, 45, 0, 0, 0, 0, 0),
(759, 2146.8, -1470.47, 26.0426, 40000, '', 0, 0, 0, 0, 0, 0, 35, 'Guantanemo Ave', 1014, 90216, 40, 0, 0, 0, 0, 0),
(763, 1895.44, -2068.92, 15.6689, 45000, 'Leroy_Rodriguez', 0, 0, 0, 0, 0, 0, 6, 'ACES ST', 905, 90218, 45, 0, 0, 0, 0, 0),
(765, 1873.48, -2070.76, 15.4971, 45000, 'Pedro_Padron', 0, 0, 0, 0, 0, 0, 22, 'ACES ST', 903, 90218, 45, 0, 0, 0, 0, 0),
(767, 1851.81, -2070.46, 15.4812, 45000, ' ', 0, 0, 0, 0, 0, 0, 18, 'ACES ST', 901, 90218, 45, 100, 0, 0, 0, 0),
(769, 1858.98, -2040.85, 13.5469, 25000, '', 0, 0, 0, 0, 0, 0, 2, 'ACES TS', 9241, 90218, 25, 0, 0, 0, 0, 0),
(771, 1857, -2040.85, 13.5469, 25000, '', 0, 0, 0, 0, 0, 0, 8, 'ACES ST', 8881, 90218, 25, 0, 0, 0, 0, 0),
(783, 2579.63, -1033.2, 69.5798, 15000, 'Christo_Murk', 0, 0, 0, 0, 0, 0, 9, 'San Pedro Ave', 8890, 90216, 15, 494, 0, 0, 0, 358),
(785, 2562.11, -1034.42, 69.8692, 15000, '', 0, 0, 0, 0, 0, 0, 9, 'San Pedro Ave', 8892, 90216, 15, 0, 0, 0, 0, 0),
(787, 2549.2, -1032.21, 69.5788, 15000, '', 0, 0, 0, 0, 0, 0, 9, 'San Pedro Ave', 8894, 90216, 15, 0, 0, 0, 0, 0),
(789, 2526.86, -1033.52, 69.5793, 15000, '', 0, 0, 0, 0, 0, 0, 12, 'San Pedro Ave', 8896, 90216, 15, 0, 0, 0, 0, 0),
(791, 2512.78, -1027.16, 70.0859, 25000, '', 0, 0, 0, 0, 0, 0, 9, 'San Pedro Ave', 8898, 90216, 25, 0, 0, 0, 0, 0),
(793, 2491.35, -1012.34, 65.3984, 25000, '', 0, 0, 0, 0, 0, 0, 12, 'San Pedro Ave', 8900, 90216, 25, 0, 0, 0, 0, 0),
(795, 2462.4, -1011.12, 60.1137, 25000, '', 0, 0, 0, 0, 0, 0, 9, 'San Pedro Ave', 8902, 90216, 25, 0, 0, 0, 0, 0),
(797, 2439.88, -1010.82, 54.3438, 25000, '', 0, 0, 0, 0, 0, 0, 12, 'San Pedro Ave', 8904, 90216, 25, 0, 0, 0, 0, 0),
(799, 2389.2, -1037.09, 53.5473, 15000, '', 0, 0, 0, 0, 0, 0, 9, 'San Pedro Ave', 8906, 90216, 15, 0, 0, 0, 0, 0),
(801, 2259.53, -1018.99, 59.2979, 80000, '', 0, 0, 0, 0, 0, 0, 41, 'San Pedro Ave', 8908, 90216, 80, 0, 0, 0, 0, 0),
(803, 2205.45, -997.28, 63.8922, 40000, '', 0, 0, 0, 0, 0, 0, 18, 'San Pedro Ave', 8910, 90216, 40, 0, 0, 0, 0, 0),
(805, 2186.49, -997.323, 66.4688, 30000, '', 0, 0, 0, 0, 0, 0, 25, 'San Pedro Ave', 8912, 90216, 30, 0, 0, 0, 0, 0),
(807, 2172.72, -989.238, 64.4503, 35000, '', 0, 0, 0, 0, 0, 0, 31, 'San Pedro Ave', 8914, 90216, 35, 0, 0, 0, 0, 0),
(809, 2154.11, -979.914, 63.2934, 20000, '', 0, 0, 0, 0, 0, 0, 9, 'San Pedro Ave', 8916, 90216, 20, 0, 0, 0, 0, 0),
(811, 2142.69, -978.149, 61.3793, 20000, '', 0, 0, 0, 0, 0, 0, 9, 'San Pedro Ave', 8918, 90216, 20, 0, 0, 0, 0, 0),
(813, 2131.94, -974.07, 59.7856, 20000, '', 0, 0, 0, 0, 0, 0, 9, 'San Pedro Ave', 8920, 90216, 20, 0, 0, 0, 0, 0),
(815, 2122.06, -970.281, 58.2074, 20000, '', 0, 0, 0, 0, 0, 0, 9, 'San Pedro Ave', 8922, 90216, 20, 0, 0, 0, 0, 0),
(817, 2090.53, -972.415, 51.8453, 25000, '', 0, 0, 0, 0, 0, 0, 6, 'San Pedro Ave', 8924, 90216, 25, 0, 0, 0, 0, 0),
(819, 2073.49, -965.181, 49.3906, 25000, '', 0, 0, 0, 0, 0, 0, 18, 'San Pedro Ave', 8926, 90216, 25, 0, 0, 0, 0, 0),
(821, 2051.27, -954.743, 48.0337, 30000, '', 0, 0, 0, 0, 0, 0, 5, 'San Pedro Ave', 8928, 90216, 30, 0, 0, 0, 0, 0),
(823, 2045.17, -965.779, 44.5515, 35000, '', 0, 0, 0, 0, 0, 0, 19, 'San Pedro Ave', 8930, 90216, 35, 0, 0, 0, 0, 0),
(825, 2015.5, -977.614, 36.9531, 25000, '', 0, 0, 0, 0, 0, 0, 25, 'San Pedro Ave', 8932, 90216, 25, 0, 0, 0, 0, 0),
(827, 2007.32, -984.614, 34.4609, 25000, '', 0, 0, 0, 0, 0, 0, 18, 'San Pedro Ave', 8934, 90216, 25, 0, 0, 0, 0, 0),
(829, 2000.24, -991.616, 32.1314, 25000, '', 0, 0, 0, 0, 0, 0, 19, 'San Pedro Ave', 8936, 90216, 25, 0, 0, 0, 0, 0),
(831, 2044.7, -991.318, 43.2462, 35000, '', 0, 0, 0, 0, 0, 0, 5, 'San Pedro Ave', 8935, 90216, 35, 0, 0, 0, 0, 0),
(833, 2049.05, -987.279, 44.98, 35000, '', 0, 0, 0, 0, 0, 0, 19, 'San Pedro Ave', 8933, 90216, 35, 0, 0, 0, 0, 0),
(835, 2066.18, -993.205, 48.7996, 25000, '', 0, 0, 0, 0, 0, 0, 6, 'San Pedro Ave', 8931, 90216, 25, 0, 0, 0, 0, 0),
(837, 2089.45, -996.228, 53.0621, 35000, '', 0, 0, 0, 0, 0, 0, 52, 'San Pedro Ave', 8929, 90216, 35, 0, 0, 0, 0, 0),
(839, 2108.97, -1000.79, 60.5078, 25000, '', 0, 0, 0, 0, 0, 0, 0, 'San Pedro Ave', 8927, 90216, 25, 0, 0, 0, 0, 0),
(841, 2139.9, -1008.47, 61.9872, 25000, '', 0, 0, 0, 0, 0, 0, 41, 'San Pedro Ave', 8925, 90216, 25, 0, 0, 0, 0, 0),
(843, 2207.99, -1026.54, 61.3515, 25000, '', 0, 0, 0, 0, 0, 0, 2, 'San Pedro Ave', 8921, 90216, 25, 0, 0, 0, 0, 0),
(845, 2218.85, -1031.77, 60.2685, 25000, '', 0, 0, 0, 0, 0, 0, 45, 'San Pedro Ave', 8919, 90216, 25, 0, 0, 0, 0, 0),
(847, 2249.26, -1060.25, 55.9688, 25000, ' ', 0, 0, 0, 0, 0, 0, 23, 'San Pedro Ave', 8917, 90216, 25, 0, 0, 0, 0, 0),
(849, 2278.71, -1077.4, 48.2409, 25000, '', 0, 0, 0, 0, 0, 0, 18, 'San Pedro Ave', 8915, 90216, 25, 0, 0, 0, 0, 0),
(851, 2287.49, -1081.04, 48.2463, 25000, '', 0, 0, 0, 0, 0, 0, 19, 'San Pedro Ave', 8913, 90216, 25, 0, 0, 0, 0, 0),
(853, 2440.61, -1057.34, 54.7387, 25000, '', 0, 0, 0, 0, 0, 0, 9, 'San Pedro Ave', 8911, 90216, 25, 0, 0, 0, 0, 0),
(855, 2457.77, -1054.58, 59.9592, 25000, '', 0, 0, 0, 0, 0, 0, 45, 'San Pedro Ave', 8909, 90216, 25, 0, 0, 0, 0, 0),
(857, 2479.67, -1064.02, 66.9982, 25000, '', 0, 0, 0, 0, 0, 0, 45, 'San Pedro Ave', 8907, 90216, 25, 0, 0, 0, 0, 0),
(859, 2499.74, -1065.59, 70.2359, 25000, '', 0, 0, 0, 0, 0, 0, 9, 'San Pedro Ave', 8905, 90216, 25, 0, 0, 0, 0, 0),
(861, 2526.09, -1060.7, 69.9708, 15000, '', 0, 0, 0, 0, 0, 0, 12, 'San Pedro Ave', 8903, 90216, 15, 0, 0, 0, 0, 0),
(863, 2534.48, -1063.41, 69.5655, 15000, '', 0, 0, 0, 0, 0, 0, 9, 'San Pedro Ave', 8901, 90216, 15, 0, 0, 0, 0, 0),
(865, 2576.68, -1070.7, 69.8322, 30000, '', 0, 0, 0, 0, 0, 0, 6, 'Peace Rd', 101, 90216, 30, 0, 0, 0, 0, 0),
(867, 2572.37, -1091.78, 67.2257, 35000, '', 0, 0, 0, 0, 0, 0, 25, 'Peace Rd', 103, 90216, 35, 0, 0, 0, 0, 0),
(869, 2519.03, -1113.04, 56.5926, 35000, '', 0, 0, 0, 0, 0, 0, 19, 'Peace Rd', 105, 90216, 35, 0, 0, 0, 0, 0),
(871, 2470.59, -1105.32, 44.4879, 30000, '', 0, 0, 0, 0, 0, 0, 22, 'Peace Rd', 107, 90216, 30, 0, 0, 0, 0, 0),
(873, 2457, -1102.5, 43.8672, 35000, '', 0, 0, 0, 0, 0, 0, 19, 'Peace Rd', 109, 90216, 35, 0, 0, 0, 0, 0),
(875, 2438.61, -1105.79, 43.0816, 30000, '', 0, 0, 0, 0, 0, 0, 25, 'Peace Rd', 111, 90216, 30, 0, 0, 0, 0, 0),
(877, 2407.92, -1106.97, 40.2957, 30000, '', 0, 0, 0, 0, 0, 0, 45, 'Peace Rd', 113, 90216, 30, 0, 0, 0, 0, 0),
(883, 1144.49, -1030.67, 1001.08, 75000, '', 0, 0, 0, 0, 0, 0, 53, 'IW APARTMENT', 100, 90218, 25, 0, 0, 0, 0, 0),
(885, 1144.47, -1049, 1001.08, 65000, '', 0, 0, 0, 0, 0, 0, 52, 'IW APARTMENT', 101, 90218, 25, 0, 0, 0, 0, 0),
(887, 2188.76, -1081.51, 43.8346, 30000, '', 0, 0, 0, 0, 0, 0, 45, 'Hill St', 431, 90216, 30, 0, 0, 0, 0, 0),
(889, 2373.92, -1138.92, 29.0588, 30000, '', 0, 0, 0, 0, 0, 0, 45, 'E Broadway', 4023, 90216, 30, 0, 0, 0, 0, 0),
(891, 2394.86, -1133.54, 30.7188, 40000, '', 0, 0, 0, 0, 0, 0, 18, 'E Broadway', 4025, 90216, 40, 0, 0, 0, 0, 0),
(893, 2427.39, -1135.77, 34.7109, 40000, '', 0, 0, 0, 0, 0, 0, 6, 'E Broadway', 4027, 90216, 40, 0, 0, 0, 0, 0),
(895, 2488.06, -1135.24, 39.5859, 30000, '', 0, 0, 0, 0, 0, 0, 19, 'E Broadway', 4029, 90216, 30, 0, 0, 0, 0, 0),
(897, 2510.57, -1132.59, 41.6207, 35000, '', 0, 0, 0, 0, 0, 0, 45, 'E Broadway', 4031, 90216, 35, 0, 0, 0, 0, 0),
(899, 1326.26, -1090.52, 27.9766, 25000, '', 0, 0, 0, 0, 0, 0, 45, 'St Lawrence Rd', 4011, 90216, 25, 0, 0, 0, 0, 0),
(901, 1325.95, -1067.77, 31.5547, 25000, '', 0, 0, 0, 0, 0, 0, 45, 'St Lawrence Rd', 4013, 90216, 25, 0, 0, 0, 0, 0),
(903, 1285.26, -1067.37, 31.6789, 25000, '', 0, 0, 0, 0, 0, 0, 45, 'Mint St', 6010, 90216, 25, 0, 0, 0, 0, 0),
(905, 1285.27, -1090.22, 28.2578, 25000, '', 0, 0, 0, 0, 0, 0, 45, 'Mint St', 6012, 90216, 25, 0, 0, 0, 0, 0),
(907, 1241.95, -1076.38, 31.5547, 25000, '', 0, 0, 0, 0, 0, 0, 45, 'Mint St', 6009, 90216, 25, 0, 0, 0, 0, 0),
(909, 1242.26, -1099.39, 27.9766, 25000, '', 0, 0, 0, 0, 0, 0, 45, 'Mint St', 6011, 90216, 25, 0, 0, 0, 0, 0),
(911, 2388.42, -1279.74, 25.1291, 30000, '', 0, 0, 0, 0, 0, 0, 16, 'Fame St', 122, 90216, 30, 0, 0, 0, 0, 0),
(913, 2387.86, -1328.37, 25.1242, 30000, '', 0, 0, 0, 0, 0, 0, 35, 'Fame St', 116, 90216, 30, 0, 0, 0, 0, 0),
(915, 2389.73, -1346.18, 25.077, 30000, '', 0, 0, 0, 0, 0, 0, 35, 'Fame St', 114, 90216, 30, 0, 0, 0, 0, 0),
(917, 2383.53, -1366.29, 24.4914, 30000, '', 0, 0, 0, 0, 0, 0, 25, 'Fame St', 112, 90216, 30, 0, 0, 0, 0, 0),
(921, 2469.18, -1278.42, 30.3664, 30000, '', 0, 0, 0, 0, 0, 0, 46, 'St Catherine St', 112, 90216, 30, 0, 0, 0, 0, 0),
(923, 2470.37, -1295.54, 30.2332, 30000, '', 0, 0, 0, 0, 0, 0, 45, 'St Catherine St', 114, 90216, 30, 0, 0, 0, 0, 0),
(925, 2433.6, -1274.96, 24.7567, 25000, '', 0, 0, 0, 0, 0, 0, 45, 'St Catherine St', 111, 90216, 25, 0, 0, 0, 0, 0),
(927, 2434.8, -1289.24, 25.3479, 25000, '', 0, 0, 0, 0, 0, 0, 48, 'St Catherine St', 113, 90216, 25, 0, 0, 0, 0, 0),
(929, 2433.93, -1303.34, 25.3234, 35000, '', 0, 0, 0, 0, 0, 0, 31, 'St Catherine St', 115, 90216, 35, 0, 0, 0, 0, 0),
(931, 2433.93, -1320.67, 25.3234, 35000, '', 0, 0, 0, 0, 0, 0, 40, 'St Catherine St', 117, 90216, 35, 0, 0, 0, 0, 0),
(933, 2439.59, -1338.82, 24.1016, 35000, '', 0, 0, 0, 0, 0, 0, 37, 'St Catherine St', 119, 90216, 35, 0, 0, 0, 0, 0),
(935, 2439.86, -1357.16, 24.1006, 35000, '', 0, 0, 0, 0, 0, 0, 36, 'St Catherine St', 121, 90216, 35, 0, 0, 0, 0, 0),
(939, 2492.19, -1431.68, 29.0162, 25000, '', 0, 0, 0, 0, 0, 0, 45, 'Freedom St', 302, 90216, 25, 0, 0, 0, 0, 0),
(945, 2487.36, -1431.68, 29.0162, 25000, '', 0, 0, 0, 0, 0, 0, 45, 'Freedom St', 304, 90216, 25, 0, 0, 0, 0, 0),
(947, 2495.41, -1431.68, 29.0162, 25000, '', 0, 0, 0, 0, 0, 0, 45, 'St Catherine St', 300, 90216, 25, 0, 0, 0, 0, 0),
(953, 2473.23, -1431.68, 29.3131, 25000, '', 0, 0, 0, 0, 0, 0, 45, 'Freedom St', 308, 90216, 25, 0, 0, 0, 0, 0),
(955, 2468.35, -1431.68, 29.3131, 25000, '', 0, 0, 0, 0, 0, 0, 45, 'Freedom St', 310, 90216, 25, 0, 0, 0, 0, 0),
(957, 2476.4, -1431.68, 29.3131, 25000, '', 0, 0, 0, 0, 0, 0, 45, 'Freedom St', 306, 90216, 25, 0, 0, 0, 0, 0),
(959, 2495.47, -1417.45, 29.3131, 25000, '', 0, 0, 0, 0, 0, 0, 45, 'Freedom St', 312, 90216, 25, 0, 0, 0, 0, 0),
(961, 2492.16, -1417.44, 29.3131, 25000, '', 0, 0, 0, 0, 0, 0, 45, 'Freedom St', 314, 90216, 25, 0, 0, 0, 0, 0),
(965, 2468.31, -1417.44, 29.3131, 25000, '', 0, 0, 0, 0, 0, 0, 45, 'Freedom St', 322, 90216, 25, 0, 0, 0, 0, 0),
(967, 2487.28, -1417.44, 29.3131, 25000, '', 0, 0, 0, 0, 0, 0, 45, 'Freedom St', 316, 90216, 25, 0, 0, 0, 0, 0),
(969, 2476.33, -1417.44, 29.3131, 25000, '', 0, 0, 0, 0, 0, 0, 45, 'Freedom St', 318, 90216, 25, 0, 0, 0, 0, 0),
(971, 2473.15, -1417.46, 29.3131, 25000, '', 0, 0, 0, 0, 0, 0, 45, 'Freedom St', 320, 90216, 25, 0, 0, 0, 0, 0),
(973, 2476.46, -1398.81, 29.3131, 25000, '', 0, 0, 0, 0, 0, 0, 45, 'Freedom St', 330, 90216, 25, 0, 0, 0, 0, 0);
INSERT INTO `samp_houses` (`id`, `x`, `y`, `z`, `price`, `owner`, `weapon1`, `weapon2`, `weapon1_bullets`, `weapon2_bullets`, `rentalfee`, `money`, `interior`, `street`, `housenumber`, `zip`, `taxes`, `weed`, `cocaine`, `ecstasy`, `crack`, `heroin`) VALUES
(975, 2495.42, -1398.81, 29.3131, 25000, '', 0, 0, 0, 0, 0, 0, 45, 'Freedom St', 324, 90216, 25, 0, 0, 0, 0, 0),
(977, 2492.14, -1398.82, 29.3131, 25000, '', 0, 0, 0, 0, 0, 0, 45, 'Freedom St', 326, 90216, 25, 0, 0, 0, 0, 0),
(979, 2487.32, -1398.81, 29.3131, 25000, '', 0, 0, 0, 0, 0, 0, 45, 'Freedom St', 328, 90216, 25, 0, 0, 0, 0, 0),
(981, 2473.12, -1398.81, 29.3131, 25000, '', 0, 0, 0, 0, 0, 0, 45, 'Freedom St', 332, 90216, 25, 0, 0, 0, 0, 0),
(983, 2468.43, -1398.81, 29.3131, 25000, '', 0, 0, 0, 0, 0, 0, 45, 'Freedom St', 334, 90216, 25, 0, 0, 0, 0, 0),
(985, 2495.4, -1383.37, 29.3131, 25000, '', 0, 0, 0, 0, 0, 0, 45, 'Freedom St', 336, 90216, 25, 0, 0, 0, 0, 0),
(987, 2492.14, -1383.37, 29.3131, 25000, '', 0, 0, 0, 0, 0, 0, 45, 'Freedom St', 338, 90216, 25, 0, 0, 0, 0, 0),
(989, 2476.49, -1383.37, 29.3131, 25000, '', 0, 0, 0, 0, 0, 0, 45, 'Freedom St', 342, 90216, 25, 0, 0, 0, 0, 0),
(991, 2487.35, -1383.37, 29.3131, 25000, '', 0, 0, 0, 0, 0, 0, 45, 'Freedom St', 340, 90216, 25, 0, 0, 0, 0, 0),
(993, 2473.19, -1383.37, 29.3131, 25000, '', 0, 0, 0, 0, 0, 0, 45, 'Freedom St', 344, 90216, 25, 0, 0, 0, 0, 0),
(995, 2468.43, -1383.37, 29.3131, 25000, '', 0, 0, 0, 0, 0, 0, 45, 'Freedom St', 346, 90216, 25, 0, 0, 0, 0, 0),
(997, 2495.44, -1366.2, 29.3131, 25000, '', 0, 0, 0, 0, 0, 0, 45, 'Freedom St', 348, 90216, 25, 0, 0, 0, 0, 0),
(999, 2492.19, -1366.2, 29.3131, 25000, '', 0, 0, 0, 0, 0, 0, 45, 'Freedom St', 350, 90216, 25, 0, 0, 0, 0, 0),
(1001, 2487.35, -1366.2, 29.3131, 25000, '', 0, 0, 0, 0, 0, 0, 45, 'Freedom St', 352, 90216, 25, 0, 0, 0, 0, 0),
(1003, 2476.32, -1366.2, 29.3131, 25000, '', 0, 0, 0, 0, 0, 0, 45, 'Freedom St', 354, 90216, 25, 0, 0, 0, 0, 0),
(1005, 2473.12, -1366.2, 29.3131, 25000, '', 0, 0, 0, 0, 0, 0, 45, 'Freedom St', 356, 90216, 25, 0, 0, 0, 0, 0),
(1007, 2468.29, -1366.2, 29.3131, 25000, '', 0, 0, 0, 0, 0, 0, 45, 'Freedom St', 358, 90216, 25, 0, 0, 0, 0, 0),
(1009, 2495.3, -1424.58, 29.0162, 25000, '', 0, 0, 0, 0, 0, 0, 45, 'Freedom St', 301, 90216, 25, 0, 0, 0, 0, 0),
(1011, 2476.35, -1424.58, 29.3131, 25000, '', 0, 0, 0, 0, 0, 0, 45, 'Freedom St', 307, 90216, 25, 0, 0, 0, 0, 0),
(1013, 2492.22, -1424.58, 29.0162, 25000, '', 0, 0, 0, 0, 0, 0, 45, 'Freedom St', 303, 90216, 25, 0, 0, 0, 0, 0),
(1015, 2473.12, -1424.58, 29.3131, 25000, '', 0, 0, 0, 0, 0, 0, 45, 'Freedom St', 309, 90216, 25, 0, 0, 0, 0, 0),
(1017, 2487.27, -1424.58, 29.0162, 25000, '', 0, 0, 0, 0, 0, 0, 45, 'Freedom St', 305, 90216, 25, 0, 0, 0, 0, 0),
(1019, 2468.28, -1424.58, 29.3131, 25000, '', 0, 0, 0, 0, 0, 0, 45, 'Freedom St', 311, 90216, 25, 0, 0, 0, 0, 0),
(1021, 2495.37, -1410.34, 29.3131, 25000, '', 0, 0, 0, 0, 0, 0, 45, 'Freedom St', 313, 90206, 25, 0, 0, 0, 0, 0),
(1023, 2476.28, -1410.34, 29.3131, 25000, '', 0, 0, 0, 0, 0, 0, 45, 'Freedom St', 319, 90216, 25, 0, 0, 0, 0, 0),
(1025, 2473.04, -1410.34, 29.3131, 25000, '', 0, 0, 0, 0, 0, 0, 45, 'Freedom St', 321, 90216, 25, 0, 0, 0, 0, 0),
(1027, 2492.14, -1410.34, 29.3131, 25000, '', 0, 0, 0, 0, 0, 0, 45, 'Freedom St', 315, 90216, 25, 0, 0, 0, 0, 0),
(1029, 2468.26, -1410.34, 29.3131, 25000, '', 0, 0, 0, 0, 0, 0, 45, 'Freedom St', 323, 90216, 25, 0, 0, 0, 0, 0),
(1031, 2487.29, -1410.34, 29.3131, 25000, '', 0, 0, 0, 0, 0, 0, 45, 'Freedom St', 317, 90216, 25, 0, 0, 0, 0, 0),
(1033, 2495.35, -1391.71, 29.3131, 25000, '', 0, 0, 0, 0, 0, 0, 45, 'Freedom St', 325, 90216, 25, 0, 0, 0, 0, 0),
(1035, 2492.16, -1391.71, 29.3131, 25000, '', 0, 0, 0, 0, 0, 0, 45, 'Freedom St', 327, 90216, 25, 0, 0, 0, 0, 0),
(1037, 2487.31, -1391.71, 29.3131, 25000, '', 0, 0, 0, 0, 0, 0, 45, 'Freedom St', 329, 90216, 25, 0, 0, 0, 0, 0),
(1039, 2476.32, -1391.71, 29.3131, 25000, '', 0, 0, 0, 0, 0, 0, 45, 'Freedom St', 331, 90216, 25, 0, 0, 0, 0, 0),
(1041, 2473.11, -1391.71, 29.3131, 25000, '', 0, 0, 0, 0, 0, 0, 45, 'Freedom St', 333, 90216, 25, 0, 0, 0, 0, 0),
(1043, 2468.26, -1391.71, 29.3131, 25000, '', 0, 0, 0, 0, 0, 0, 45, 'Freedom St', 335, 90216, 25, 0, 0, 0, 0, 0),
(1045, 2495.36, -1376.27, 29.3131, 25000, '', 0, 0, 0, 0, 0, 0, 45, 'Freedom St', 337, 90216, 25, 0, 0, 0, 0, 0),
(1047, 2492.13, -1376.27, 29.3131, 25000, '', 0, 0, 0, 0, 0, 0, 45, 'Freedom St', 339, 90216, 25, 0, 0, 0, 0, 0),
(1049, 2476.29, -1376.27, 29.3131, 25000, '', 0, 0, 0, 0, 0, 0, 45, 'Freedom St', 343, 90216, 25, 0, 0, 0, 0, 0),
(1051, 2487.38, -1376.27, 29.3131, 25000, '', 0, 0, 0, 0, 0, 0, 45, 'Freedom St', 341, 90216, 25, 0, 0, 0, 0, 0),
(1053, 2473.08, -1376.27, 29.3131, 25000, '', 0, 0, 0, 0, 0, 0, 45, 'Freedom St', 345, 90216, 25, 0, 0, 0, 0, 0),
(1055, 2468.33, -1376.27, 29.3131, 25000, '', 0, 0, 0, 0, 0, 0, 45, 'Freedom St', 347, 90216, 25, 0, 0, 0, 0, 0),
(1057, 2495.38, -1359.1, 29.3131, 25000, '', 0, 0, 0, 0, 0, 0, 45, 'Freedom St', 349, 90216, 25, 0, 0, 0, 0, 0),
(1059, 2492.14, -1359.1, 29.3131, 25000, '', 0, 0, 0, 0, 0, 0, 45, 'Freedom St', 351, 90216, 25, 0, 0, 0, 0, 0),
(1061, 2487.27, -1359.1, 29.3131, 25000, '', 0, 0, 0, 0, 0, 0, 45, 'Freedom St', 353, 90216, 25, 0, 0, 0, 0, 0),
(1063, 2473.05, -1359.1, 29.3131, 25000, '', 0, 0, 0, 0, 0, 0, 45, 'Freedom St', 357, 90216, 25, 0, 0, 0, 0, 0),
(1069, 1040.15, 1303.4, 10.8203, 9999999, '', 0, 0, 0, 0, 0, 0, 4, 'LSPD ACADEMY', 911, 90206, 50, 0, 0, 0, 0, 0),
(1071, 2476.27, -1359.1, 29.3131, 25000, '', 0, 0, 0, 0, 0, 0, 45, 'Freedom St', 355, 90216, 25, 0, 0, 0, 0, 0),
(1073, 2468.29, -1359.1, 29.3131, 25000, '', 0, 0, 0, 0, 0, 0, 45, 'Freedom St', 357, 90216, 25, 0, 0, 0, 0, 0),
(1075, 1057.9, 1260.64, 10.8203, 999999, '', 0, 0, 0, 0, 0, 0, 7, '911 LSPD ACADEMY', 911, 90206, 50, 0, 0, 0, 0, 0),
(1079, 2157.06, -1709.22, 15.0859, 25000, '', 0, 0, 0, 0, 0, 0, 18, 'San Andreas Blvd', 509, 90216, 25, 0, 0, 0, 0, 0),
(1081, 2140.59, -1708.31, 15.0859, 25000, '', 0, 0, 0, 0, 0, 0, 31, 'San Andreas Blvd', 511, 90216, 25, 0, 0, 0, 0, 0),
(1083, 2155.7, -1698.51, 15.0859, 25000, 'Jessan_Lomax', 0, 0, 0, 0, 0, 0, 31, 'San Andreas Blvd', 512, 90216, 25, 320, 44, 36, 0, 0),
(1085, 2139.15, -1697.51, 15.0859, 25000, '', 0, 0, 0, 0, 0, 0, 45, 'San Andreas Blvd', 514, 90216, 25, 0, 0, 0, 0, 0),
(1087, 2151.59, -1717.83, 15.0859, 25000, '', 0, 0, 0, 0, 0, 0, 18, 'San Andreas Blvd', 508, 90216, 25, 0, 0, 0, 0, 0),
(1089, 2168.15, -1718.97, 15.1078, 25000, '', 0, 0, 0, 0, 0, 0, 31, 'San Andreas Blvd', 506, 90216, 25, 0, 0, 0, 0, 0),
(1091, 2144.66, -1688.91, 15.0859, 25000, '', 0, 0, 0, 0, 0, 0, 18, 'San Andreas Blvd', 513, 90216, 25, 0, 0, 0, 0, 0),
(1093, 2128.14, -1687.99, 15.0859, 25000, '', 0, 0, 0, 0, 0, 0, 31, 'San Andreas Blvd', 515, 90216, 25, 0, 0, 0, 0, 0),
(1095, 2163.71, -1661.25, 15.0859, 25000, '', 0, 0, 0, 0, 0, 0, 18, 'San Andreas Blvd', 517, 90216, 25, 0, 0, 0, 0, 0),
(1097, 2151.42, -1672.25, 15.0859, 25000, '', 0, 0, 0, 0, 0, 0, 31, 'San Andreas Blvd', 519, 90216, 25, 0, 0, 0, 0, 0),
(1099, 2143.69, -1662.82, 15.0859, 25000, '', 0, 0, 0, 0, 0, 0, 18, 'San Andreas Blvd', 518, 90216, 25, 0, 0, 0, 0, 0),
(1101, 2156.14, -1651.79, 15.0784, 25000, '', 0, 0, 0, 0, 0, 0, 31, 'San Andreas Blvd', 516, 90216, 25, 0, 0, 0, 0, 0),
(1103, 2141.44, -1652.91, 15.0859, 25000, '', 0, 0, 0, 0, 0, 0, 18, 'San Andreas Blvd', 521, 90216, 25, 0, 0, 0, 0, 0),
(1105, 2129.19, -1663.87, 15.0859, 25000, '', 0, 0, 0, 0, 0, 0, 31, 'San Andreas Blvd', 523, 90216, 25, 0, 0, 0, 0, 0),
(1107, 2165.95, -1671.18, 15.0732, 25000, '', 0, 0, 0, 0, 0, 0, 18, 'San Andreas Blvd', 520, 90216, 25, 0, 0, 0, 0, 0),
(1109, 2178.35, -1660.18, 14.9784, 25000, '', 0, 0, 0, 0, 0, 0, 31, 'San Andreas Blvd', 522, 90216, 25, 0, 0, 0, 0, 0),
(1111, 2368.22, -1675.35, 14.1682, 40000, '', 0, 0, 0, 0, 0, 0, 35, 'Grove St', 225, 90216, 40, 0, 0, 0, 0, 0),
(1113, 2282.26, -1641.21, 15.8898, 35000, '', 0, 0, 0, 0, 0, 0, 45, 'San Andreas Blvd', 228, 90216, 35, 0, 0, 0, 0, 0),
(1115, 2257.12, -1643.94, 15.8082, 25000, '', 0, 0, 0, 0, 0, 0, 0, 'San Andreas Blvd', 230, 90216, 25, 0, 0, 0, 0, 0),
(1119, 2326.88, -1681.96, 14.9297, 40000, '', 0, 0, 0, 0, 0, 0, 41, 'San Andreas Blvd', 111, 90216, 40, 0, 0, 0, 0, 0),
(1121, 1057.6, 1280.57, 10.8203, 50000, '', 0, 0, 0, 0, 0, 0, 4, 'Trinity Peak St', 1, 90206, 50, 0, 0, 0, 0, 0),
(1123, 214.834, 1715.91, 601, 15000, '', 0, 0, 0, 0, 0, 0, 52, 'Inglewood Apartments', 2, 90218, 15, 0, 0, 0, 0, 0),
(1125, 217.288, 1711.67, 601, 15000, '', 0, 0, 0, 0, 0, 0, 52, 'Inglewood Apartments', 1, 90218, 15, 0, 0, 0, 0, 0),
(1127, 213.603, 1719.32, 601, 45000, '', 0, 0, 0, 0, 0, 0, 18, 'Inglewood Apartments', 3, 90218, 45, 0, 0, 0, 0, 0),
(1129, 2191.88, -1593.04, 14.3516, 25000, '', 0, 0, 0, 0, 0, 0, 45, 'Grove St', 236, 90216, 25, 0, 0, 0, 0, 0),
(1131, 2185.28, -1608.23, 14.3594, 25000, '', 0, 0, 0, 0, 0, 0, 45, 'Grove St', 234, 90216, 25, 0, 0, 0, 0, 0),
(1133, 211.313, 1727.25, 601, 65000, '', 0, 0, 0, 0, 0, 0, 46, 'Inglewood Apartments', 5, 90218, 65, 0, 0, 0, 0, 0),
(1135, 213.601, 1723.6, 601, 40000, '', 0, 0, 0, 0, 0, 0, 25, 'Inglewood Apartments', 4, 90218, 40, 0, 0, 0, 0, 0),
(1137, 2172.6, -1615.28, 14.2817, 25000, '', 0, 0, 0, 0, 0, 0, 31, 'Grove St', 233, 90216, 25, 0, 0, 0, 0, 0),
(1139, 209.133, 1723.43, 601, 13000, '', 0, 0, 0, 0, 0, 0, 0, 'Inglewood Apartments', 6, 90218, 13, 0, 0, 0, 0, 0),
(1141, 2179.1, -1600.09, 14.346, 25000, '', 0, 0, 0, 0, 0, 0, 24, 'Grove St', 235, 90216, 25, 0, 0, 0, 0, 0),
(1143, 209.122, 1718.86, 601, 15000, '', 0, 0, 0, 0, 0, 0, 52, 'Inglewood Apartments', 7, 90218, 15, 0, 0, 0, 0, 0),
(1145, 209.124, 1714.18, 601, 12500, 'Marvin_Kingston', 0, 0, 0, 0, 0, 0, 6, 'Inglewood Apartments', 8, 90218, 13, 138, 2, 2, 0, 0),
(1147, 2151.18, -1598.48, 14.3457, 25000, '', 0, 0, 0, 0, 0, 0, 24, 'Grove St', 237, 90216, 25, 0, 0, 0, 0, 0),
(1149, 2135.9, -1591.95, 14.3516, 25000, '', 0, 0, 0, 0, 0, 0, 31, 'Grove St', 239, 90216, 25, 0, 0, 0, 0, 0),
(1151, 2165.69, -1590.54, 14.3465, 25000, '', 0, 0, 0, 0, 0, 0, 31, 'Grove St', 238, 90216, 25, 0, 0, 0, 0, 0),
(1153, 2150.4, -1583.96, 14.336, 25000, '', 0, 0, 0, 0, 0, 0, 24, 'Grove St', 240, 90216, 25, 0, 0, 0, 0, 0),
(1155, 203.045, 1716.86, 604.93, 45000, '', 0, 0, 0, 0, 0, 0, 21, 'Inglewood Apartments', 9, 90218, 45, 0, 0, 0, 0, 0),
(1157, 198.13, 1716.86, 604.93, 35000, '', 0, 0, 0, 0, 0, 0, 45, 'Inglewood Apartments', 10, 90218, 35, 0, 0, 0, 0, 0),
(1159, 193.755, 1716.86, 604.93, 50000, '', 0, 0, 0, 0, 0, 0, 6, 'Inglewood Apartments', 11, 90218, 50, 0, 0, 0, 0, 0),
(1161, 192.546, 1726.58, 604.93, 50000, '', 0, 0, 0, 0, 0, 0, 52, 'Inglewood Apartments', 13, 90218, 50, 0, 0, 0, 0, 0),
(1163, 192.537, 1722.04, 604.93, 45000, '', 0, 0, 0, 0, 0, 0, 18, 'Inglewood Apartments', 12, 90218, 45, 0, 0, 0, 0, 0),
(1165, 193.927, 1729.38, 604.93, 75000, '', 0, 0, 0, 0, 0, 0, 53, 'Inglewood Apartments', 14, 90218, 75, 0, 0, 0, 0, 0),
(1167, 195.255, 1726.52, 604.93, 25000, 'Carmine_Delfavero', 0, 0, 0, 0, 0, 0, 12, 'Inglewood Apartments', 15, 90218, 25, 0, 0, 0, 0, 0),
(1169, 195.266, 1721.92, 604.93, 35000, '', 0, 0, 0, 0, 0, 0, 45, 'Inglewood Apartments', 16, 90218, 35, 0, 0, 0, 0, 0),
(1171, 2158.33, -1611.3, 14.3515, 25000, '', 0, 0, 0, 0, 0, 0, 31, 'Grove St', 241, 90216, 25, 0, 0, 0, 0, 0),
(1173, 2143.1, -1604.71, 14.3516, 25000, '', 0, 0, 0, 0, 0, 0, 24, 'Grove St', 243, 90216, 25, 0, 0, 0, 0, 0),
(1177, 2143.25, -1571.19, 14.1939, 25000, '', 0, 0, 0, 0, 0, 0, 31, 'Grove St', 247, 90216, 25, 0, 0, 0, 0, 0),
(1179, 2158.54, -1577.72, 14.2829, 25000, '', 0, 0, 0, 0, 0, 0, 24, 'Grove St', 245, 90216, 25, 0, 0, 0, 0, 0),
(1183, 2411.22, -5.53597, 27.6835, 45000, '', 0, 0, 0, 0, 0, 0, 14, 'Maple Rd', 121, 90208, 45, 0, 0, 0, 0, 0),
(1185, 2373.85, 21.9323, 28.4416, 55000, '', 0, 0, 0, 0, 0, 0, 53, 'Maple Rd', 122, 90208, 55, 0, 0, 0, 0, 0),
(1187, 2076.25, -1588.67, 13.4917, 9000, 'Paulie_Benucci', 0, 0, 0, 0, 0, 0, 0, 'Grove St', 248, 90216, 9, 0, 0, 0, 0, 0),
(1189, 2068.14, -1588.94, 13.4906, 9000, 'Ian_Arroyo', 0, 0, 0, 0, 0, 0, 45, 'Grove St', 249, 90216, 9, 50, 0, 0, 0, 23),
(1191, 2065.33, -1583.36, 13.4811, 9000, ' ', 0, 0, 0, 0, 0, 0, 0, 'Grove St', 250, 90216, 9, 0, 0, 0, 0, 0),
(1193, 2073.37, -1583.05, 13.4734, 9000, 'Max_Reyes', 0, 0, 0, 0, 0, 0, 8, 'Grove St', 251, 90216, 9, 0, 0, 0, 0, 0),
(1195, 2072.5, -1559.31, 13.4091, 9000, '', 0, 0, 0, 0, 0, 0, 8, 'Grove St', 252, 90216, 9, 0, 0, 0, 0, 0),
(1197, 2066.96, -1562.14, 13.4286, 9000, 'Andy_Ortiz', 0, 0, 0, 0, 0, 0, 0, 'Grove St', 253, 90216, 9, 0, 0, 0, 0, 0),
(1201, 2072.27, -1551.3, 13.4232, 9000, ' ', 0, 0, 0, 0, 0, 0, 0, 'Grove St', 255, 90216, 9, 0, 0, 0, 0, 0),
(1203, 2066.77, -1554.09, 13.4351, 9000, ' ', 0, 0, 0, 0, 0, 0, 0, 'Grove St', 254, 90216, 9, 25, 0, 0, 0, 0),
(1207, 1980.99, -1682.87, 17.0538, 55000, '', 0, 0, 0, 0, 0, 0, 37, 'Mason Rd', 406, 90216, 55, 0, 0, 0, 0, 0),
(1209, 1980.38, -1718.91, 17.0303, 55000, ' ', 0, 0, 0, 0, 0, 0, 7, 'Mason Rd', 400, 90216, 55, 0, 0, 0, 0, 0),
(1211, 1969.34, -1705.16, 15.9688, 15000, '', 0, 0, 0, 0, 0, 0, 8, 'Mason Rd', 402, 90216, 15, 0, 0, 0, 0, 0),
(1213, 1973.2, -1705.15, 15.9688, 15000, '', 0, 0, 0, 0, 0, 0, 2, 'Mason Rd', 404, 90216, 15, 0, 0, 0, 0, 0),
(1215, 1969.98, -1671.19, 15.9688, 20000, '', 0, 0, 0, 0, 0, 0, 45, 'Mason Rd', 408, 90216, 20, 0, 0, 0, 0, 0),
(1217, 1974.82, -1671.19, 15.9688, 20000, '', 0, 0, 0, 0, 0, 0, 12, 'Mason Rd', 410, 90216, 20, 0, 0, 0, 0, 0),
(1219, 1970.03, -1671.19, 18.5456, 15000, '', 0, 0, 0, 0, 0, 0, 2, 'Mason Rd', 412, 90216, 15, 0, 0, 0, 0, 0),
(1221, 1974.95, -1671.19, 18.5456, 20000, '', 0, 0, 0, 0, 0, 0, 45, 'Mason Rd', 414, 90216, 20, 0, 0, 0, 0, 0),
(1223, 1978.77, -1671.56, 18.5456, 15000, 'Nicci_Jondetti', 0, 0, 0, 0, 0, 0, 8, 'Mason Rd', 415, 90216, 15, 0, 0, 0, 0, 0),
(1225, 1978.77, -1671.49, 16.1876, 15000, '', 0, 0, 0, 0, 0, 0, 8, 'Mason Rd', 409, 90216, 15, 0, 0, 0, 0, 0),
(1227, 1969.39, -1654.67, 15.9688, 15000, '', 0, 0, 0, 0, 0, 0, 8, 'Mason Rd', 416, 90216, 15, 0, 0, 0, 0, 0),
(1229, 1973.37, -1654.68, 15.9688, 15000, '', 0, 0, 0, 0, 0, 0, 2, 'Mason Rd', 418, 90216, 15, 0, 0, 0, 0, 0),
(1231, 1967.46, -1633.71, 15.9688, 20000, '', 0, 0, 0, 0, 0, 0, 45, 'Mason Rd', 420, 90216, 20, 0, 0, 0, 0, 0),
(1233, 1972.25, -1633.71, 15.9688, 20000, '', 0, 0, 0, 0, 0, 0, 12, 'Mason Rd', 422, 90216, 20, 0, 0, 0, 0, 0),
(1235, 1976.21, -1634.04, 16.2111, 15000, '', 0, 0, 0, 0, 0, 0, 8, 'Mason Rd', 421, 90216, 15, 0, 0, 0, 0, 0),
(1237, 1967.37, -1633.71, 18.569, 15000, '', 0, 0, 0, 0, 0, 0, 2, 'Mason Rd', 424, 90216, 15, 0, 0, 0, 0, 0),
(1239, 1972.29, -1633.71, 18.569, 20000, '', 0, 0, 0, 0, 0, 0, 45, 'Mason Rd', 426, 90216, 20, 0, 0, 0, 0, 0),
(1241, 1976.21, -1634.04, 18.569, 15000, '', 0, 0, 0, 0, 0, 0, 8, 'Mason Rd', 425, 90216, 15, 0, 0, 0, 0, 0),
(1245, 2016.54, -1641.71, 14.1129, 35000, '', 0, 0, 0, 0, 0, 0, 19, 'Mason Rd', 429, 90216, 35, 0, 0, 0, 0, 0),
(1247, 2018.05, -1629.9, 14.0426, 30000, '', 0, 0, 0, 0, 0, 0, 22, 'Mason Rd', 427, 90216, 30, 0, 0, 0, 0, 0),
(1249, 2013.58, -1656.41, 14.1363, 35000, '', 0, 0, 0, 0, 0, 0, 32, 'Mason Rd', 431, 90216, 35, 0, 0, 0, 0, 0),
(1251, 2018.24, -1703.24, 14.2344, 40000, '', 0, 0, 0, 0, 0, 0, 25, 'Mason Rd', 433, 90216, 40, 0, 0, 0, 0, 0),
(1253, 2016.2, -1717.09, 14.125, 30000, '', 0, 0, 0, 0, 0, 0, 6, 'Mason Rd', 435, 90216, 30, 0, 0, 0, 0, 0),
(1255, 2015.35, -1732.55, 14.2344, 40000, ' ', 0, 0, 0, 0, 0, 0, 43, 'Mason Rd', 437, 90216, 40, 0, 0, 0, 0, 0),
(1259, 2066.74, -1656.52, 14.1328, 25000, '', 0, 0, 0, 0, 0, 0, 45, 'Guantanamo Ave', 1119, 90216, 25, 0, 0, 0, 0, 0),
(1261, 2067.7, -1628.76, 14.2066, 35000, '', 0, 0, 0, 0, 0, 0, 19, 'Guantanamo Ave', 1123, 90216, 35, 0, 0, 0, 0, 0),
(1263, 2067.57, -1643.68, 14.1363, 35000, '', 0, 0, 0, 0, 0, 0, 32, 'Guantanamo Ave', 1121, 90216, 35, 0, 0, 0, 0, 0),
(1267, 1692.67, -1458.78, 13.6719, 25000, '', 0, 0, 0, 0, 0, 0, 18, 'Pasadena Blvd', 701, 90216, 25, 0, 0, 0, 0, 0),
(1269, 1685.35, -1464.57, 13.6719, 25000, '', 0, 0, 0, 0, 0, 0, 16, 'Pasadena Blvd', 703, 90216, 25, 0, 0, 0, 0, 0),
(1271, 1675.5, -1462.34, 13.6719, 25000, '', 0, 0, 0, 0, 0, 0, 19, 'Pasadena Blvd', 702, 90216, 25, 0, 0, 0, 0, 0),
(1273, 2417.01, 17.9079, 27.6835, 45000, '', 0, 0, 0, 0, 0, 0, 25, 'Maple Rd', 123, 90208, 45, 0, 0, 0, 0, 0),
(1275, 2373.85, 42.1902, 28.4416, 60000, '', 0, 0, 0, 0, 0, 0, 46, 'Maple Rd', 124, 90208, 60, 0, 0, 0, 0, 0),
(1277, 1891.77, -1070.54, 23.9375, 10000, ' ', 0, 0, 0, 0, 0, 0, 16, 'E Vinewood Rd', 801, 90216, 10, 0, 0, 0, 0, 0),
(1279, 1912.61, -1070.57, 24.2368, 10000, '', 0, 0, 0, 0, 0, 0, 2, 'E Vinewood Rd', 803, 90216, 10, 0, 0, 0, 0, 0),
(1281, 1916.89, -1064.79, 24.1247, 10000, '', 0, 0, 0, 0, 0, 0, 0, 'E Vinewood Rd', 804, 90216, 10, 0, 0, 0, 0, 0),
(1283, 1934.06, -1071.38, 24.4157, 10000, '', 0, 0, 0, 0, 0, 0, 0, 'E Vinewood Rd', 805, 90216, 10, 0, 0, 0, 0, 0),
(1285, 1939.23, -1066.68, 24.4185, 10000, 'Cristofer_Arroyo', 0, 0, 0, 0, 0, 0, 45, 'E Vinewood Rd', 806, 90216, 10, 0, 0, 0, 0, 0),
(1287, 1954.38, -1074.99, 24.7967, 10000, 'Jordan_Jones', 0, 0, 0, 0, 0, 0, 8, 'E Vinewood Rd', 807, 90216, 10, 1, 0, 0, 0, 0),
(1289, 1959.58, -1070.14, 24.7967, 10000, 'Hector_Guzman', 0, 0, 0, 0, 0, 0, 12, 'E Vinewood Rd', 808, 90216, 10, 0, 99, 99, 0, 0),
(1291, 1896.05, -1064.8, 23.9375, 10000, '', 0, 0, 0, 0, 0, 0, 45, 'E Vinewood Rd', 802, 90216, 10, 0, 0, 0, 0, 0),
(1293, 2373.85, 71.1111, 28.4416, 60000, '', 0, 0, 0, 0, 0, 0, 46, 'Maple Rd', 125, 90208, 60, 0, 0, 0, 0, 0),
(1295, 2398.31, 111.763, 28.4416, 50000, '', 0, 0, 0, 0, 0, 0, 18, 'Maple Rd', 126, 90208, 50, 0, 0, 0, 0, 0),
(1297, 2551.22, -5.49502, 27.6756, 30000, '', 0, 0, 0, 0, 0, 0, 35, 'TBA', 101, 90208, 30, 0, 0, 0, 0, 0),
(1299, 2549.23, 25.1252, 27.6756, 30000, '', 0, 0, 0, 0, 0, 0, 35, 'TBA', 100, 90208, 30, 0, 0, 0, 0, 0),
(1301, 2513.35, -28.4039, 28.4416, 30000, '', 0, 0, 0, 0, 0, 0, 19, 'TBA', 102, 90208, 30, 0, 0, 0, 0, 0),
(1303, 2484.58, -28.398, 28.4416, 30000, '', 0, 0, 0, 0, 0, 0, 19, 'TBA', 103, 90208, 30, 0, 0, 0, 0, 0),
(1321, 2040.32, -1880, 13.9496, 15000, ' ', 0, 0, 0, 0, 0, 0, 9, 'Gates St', 1093, 90218, 15, 0, 0, 0, 0, 0),
(1323, 2025.27, -1867.5, 13.9496, 15000, ' ', 0, 0, 0, 0, 0, 0, 9, 'Gates St', 1094, 90218, 15, 0, 0, 0, 0, 0),
(1325, 2019.51, -1883.87, 13.7248, 15000, 'Charlie_Zaragosa', 0, 0, 0, 0, 0, 0, 12, 'Gates St', 1095, 90218, 15, 0, 0, 0, 0, 0),
(1326, 2394.69, -1806.92, 16.8242, 25000, 'Darius_Norwood', 0, 0, 0, 0, 0, 0, 46, 'Ganton Apartment', 1, 90216, 10, 80, 0, 49, 0, 0),
(1327, 2394.69, -1795.18, 16.8242, 25000, '', 0, 0, 0, 0, 0, 0, 52, 'Ganton Apartment', 3, 90216, 15, 0, 0, 0, 0, 0),
(1331, 1577.47, -1475.3, 14.2192, 99999, '', 0, 0, 0, 0, 0, 0, 0, 'WHORE', 911, 90206, 90, 0, 0, 0, 0, 0),
(1333, 2333.32, -1883.56, 15, 50000, '', 0, 0, 0, 0, 0, 0, 40, 'John Paul St', 1988, 90216, 50, 0, 0, 0, 0, 0),
(1334, 2333.59, -1943.23, 14.9688, 50000, '', 0, 0, 0, 0, 0, 0, 36, 'John Paul St', 1986, 90216, 50, 0, 0, 0, 0, 0),
(1335, 2190.44, -1470.47, 25.9141, 35000, '', 0, 0, 0, 0, 0, 0, 32, 'San Andreas Blvd', 673, 90216, 35, 0, 0, 0, 0, 0),
(1336, 2191.1, -1455.81, 26, 35000, 'Fidel_Mendoza', 0, 0, 0, 0, 0, 0, 25, 'San Andreas Blvd', 675, 90216, 35, 0, 0, 0, 0, 0),
(1337, 2194.35, -1442.92, 26.0738, 35000, '', 0, 0, 0, 0, 0, 0, 45, 'San Andreas Blvd', 677, 90216, 35, 0, 0, 0, 0, 0),
(1338, 2188.55, -1419.29, 26.1562, 35000, '', 0, 0, 0, 0, 0, 0, 41, 'San Andreas Blvd', 679, 90216, 35, 0, 0, 0, 0, 0),
(1339, 2196.21, -1404.07, 25.9488, 30000, '', 0, 0, 0, 0, 0, 0, 31, 'San Andreas Blvd', 681, 90216, 30, 0, 0, 0, 0, 0),
(1340, 2190.31, -1487.68, 26.1051, 35000, '', 0, 0, 0, 0, 0, 0, 41, 'San Andreas Blvd', 671, 90216, 35, 0, 0, 0, 0, 0),
(1341, 2467.65, -1200.41, 36.8117, 35000, '', 0, 0, 0, 0, 0, 0, 18, 'Fremont St', 870, 90216, 35, 0, 0, 0, 0, 0),
(1342, 2520.69, -1198, 56.5988, 40000, '', 0, 0, 0, 0, 0, 0, 32, 'Fremont St', 872, 90216, 40, 0, 0, 0, 0, 0),
(1343, 2550.2, -1197.52, 60.8427, 40000, '', 0, 0, 0, 0, 0, 0, 25, 'Fremont St', 874, 90216, 40, 0, 0, 0, 0, 0),
(1344, 2387.67, -1311.83, 25.0929, 40000, '', 0, 0, 0, 0, 0, 0, 31, 'Fame St', 118, 90216, 40, 0, 0, 0, 0, 0),
(1345, 2387.88, -1296.83, 25.514, 40000, '', 0, 0, 0, 0, 0, 0, 37, 'Fame St', 120, 90216, 40, 0, 0, 0, 0, 0),
(1346, 2324.4, -1280.97, 27.9821, 25000, '', 0, 0, 0, 0, 0, 0, 36, 'Fame St', 520, 90216, 25, 0, 0, 0, 0, 0),
(1348, 2324.39, -1249.51, 27.9766, 25000, '', 0, 0, 0, 0, 0, 0, 37, 'Fame St', 522, 90216, 25, 0, 0, 0, 0, 0),
(1350, 2324.41, -1218.84, 27.9766, 25000, 'Natalia_Suelita', 0, 0, 0, 0, 0, 0, 18, 'Fame St', 524, 90216, 25, 0, 0, 0, 0, 0),
(1351, 2334.64, -1204, 27.9766, 25000, 'Hernandez_Prieto', 0, 0, 0, 0, 0, 0, 24, 'Fame St', 525, 90216, 25, 0, 0, 0, 0, 0),
(1352, 2550.96, -1233.8, 49.3318, 30000, '', 0, 0, 0, 0, 0, 0, 6, 'Caesar Rd', 640, 90216, 30, 0, 0, 0, 0, 0),
(1353, 2529.66, -1243.32, 43.9719, 35000, '', 0, 0, 0, 0, 0, 0, 31, 'Caesar Rd', 642, 90216, 35, 0, 0, 0, 0, 0),
(1354, 2514.53, -1240.51, 39.3406, 35000, '', 0, 0, 0, 0, 0, 0, 37, 'Caesar Rd', 644, 90216, 35, 0, 0, 0, 0, 0),
(1355, 2492.12, -1239.17, 37.9054, 30000, '', 0, 0, 0, 0, 0, 0, 19, 'Caesar Rd', 646, 90216, 30, 0, 0, 0, 0, 0),
(1356, 2472.77, -1238.26, 32.5695, 30000, '', 0, 0, 0, 0, 0, 0, 6, 'Ceasar Rd', 648, 90216, 30, 0, 0, 0, 0, 0),
(1357, 2207.38, -1100.51, 31.5547, 30000, 'Thomas_Pilgrim', 0, 0, 0, 0, 0, 0, 6, 'Hill St', 429, 90216, 30, 0, 0, 0, 0, 0),
(1358, 2221.17, -1083.06, 41.7798, 30000, '', 0, 0, 0, 0, 0, 0, 43, 'Hill St', 430, 90216, 30, 0, 0, 0, 0, 0),
(1359, 2284.15, -1046.07, 49.8871, 15000, '', 0, 0, 0, 0, 0, 0, 9, 'Dirtview Rd', 131, 90216, 15, 0, 0, 0, 0, 0),
(1360, 2319.76, -1053.25, 52.4608, 10000, '', 0, 0, 0, 0, 0, 0, 9, 'Dirtview Rd', 135, 90216, 10, 0, 0, 0, 0, 0),
(1361, 2297.54, -1053.35, 49.934, 15000, '', 0, 0, 0, 0, 0, 0, 9, 'Dirtview Rd', 133, 90216, 15, 0, 0, 0, 0, 0),
(1362, 2325.45, -1060.98, 52.4686, 10000, '', 0, 0, 0, 0, 0, 0, 9, 'Dirtview Rd', 137, 90216, 10, 0, 0, 0, 0, 0),
(1363, 2335.11, -1046.01, 52.5529, 15000, '', 0, 0, 0, 0, 0, 0, 12, 'Dirtview Rd', 139, 90216, 15, 0, 0, 0, 0, 0),
(1364, 2348.14, -1047.56, 53.8706, 10000, 'Chancelor_Lewis', 0, 0, 0, 0, 0, 0, 9, 'Dirtview Rd', 141, 90216, 10, 44, 0, 0, 0, 0),
(1365, 2351.02, -1039.78, 54.3358, 10000, '', 0, 0, 0, 0, 0, 0, 9, 'Dirtview Rd', 143, 90216, 10, 0, 0, 0, 0, 0),
(1366, 2355.83, -1058.78, 54.078, 10000, '', 0, 0, 0, 0, 0, 0, 9, 'Dirtview Rd', 145, 90216, 10, 0, 0, 0, 0, 0),
(1367, 2362.72, -1046.41, 54.2733, 10000, '', 0, 0, 0, 0, 0, 0, 45, 'Dirtview Rd', 147, 90216, 10, 0, 0, 0, 0, 0),
(1368, 2370.22, -1034.56, 54.4106, 15000, '', 0, 0, 0, 0, 0, 0, 12, 'Dirtview Rd', 149, 90216, 15, 0, 0, 0, 0, 0),
(1369, 2372.99, -1051.34, 54.1336, 10000, '', 0, 0, 0, 0, 0, 0, 9, 'Dirtview Rd', 151, 90216, 10, 0, 0, 0, 0, 0),
(1370, 2454.17, -964.918, 80.0731, 10000, '', 0, 0, 0, 0, 0, 0, 12, 'Dirtview Rd', 153, 90216, 10, 0, 0, 0, 0, 0),
(1371, 2459.39, -947.701, 80.0827, 15000, '', 0, 0, 0, 0, 0, 0, 9, 'Dirtview Rd', 155, 90216, 15, 0, 0, 0, 0, 0),
(1372, 2472.43, -962.045, 80.5255, 10000, '', 0, 0, 0, 0, 0, 0, 12, 'Dirtview Rd', 157, 90216, 10, 0, 0, 0, 0, 0),
(1373, 2492.1, -965.779, 82.5489, 10000, '', 0, 0, 0, 0, 0, 0, 12, 'Dirtview Rd', 159, 90216, 10, 0, 0, 0, 0, 0),
(1374, 2499.44, -946.995, 82.4708, 10000, 'Michael_Santerino', 0, 0, 0, 0, 0, 0, 12, 'Dirtview Rd', 161, 90216, 10, 579, 359, 452, 100, 544),
(1375, 2517.86, -965.434, 82.3284, 10000, '', 0, 0, 0, 0, 0, 0, 12, 'Dirtview Rd', 163, 90216, 10, 0, 0, 0, 0, 0),
(1376, 2531.31, -963.275, 82.369, 15000, '', 0, 0, 0, 0, 0, 0, 9, 'Dirtview Rd', 165, 90216, 15, 0, 0, 0, 0, 0),
(1377, 2552.03, -958.305, 82.6184, 10000, '', 0, 0, 0, 0, 0, 0, 9, 'Dirtview Rd', 167, 90216, 10, 0, 0, 0, 0, 0),
(1378, 2582.94, -952.923, 81.3882, 15000, '', 0, 0, 0, 0, 0, 0, 9, 'Dirtview Rd', 169, 90216, 15, 0, 0, 0, 0, 0),
(1379, 2581.51, -969.34, 81.3646, 10000, '', 0, 0, 0, 0, 0, 0, 12, 'Dirtview Rd', 170, 90216, 10, 0, 0, 0, 0, 0),
(1380, 1894.3, -2133.2, 15.4663, 40000, '', 0, 0, 0, 0, 0, 0, 19, 'Republican Ave', 300, 90218, 40, 0, 0, 0, 0, 0),
(1381, 1872.45, -2132.9, 15.482, 40000, '', 0, 0, 0, 0, 0, 0, 25, 'Republican Ave', 302, 90218, 40, 0, 0, 0, 0, 0),
(1382, 1851.86, -2134.84, 15.3882, 40000, '', 0, 0, 0, 0, 0, 0, 49, 'Republican Ave', 304, 90218, 40, 0, 0, 0, 0, 0),
(1383, 2362.94, -1712.96, 14.0251, 40000, '', 0, 0, 0, 0, 0, 0, 6, 'Liverpool Rd', 1074, 90216, 40, 0, 0, 0, 0, 0),
(1384, 852.242, -1423.27, 14.1368, 100000, ' ', 0, 0, 0, 0, 0, 0, 47, 'Marina St', 2, 90212, 100, 0, 0, 0, 0, 0),
(1385, 1172.01, -1319.02, 14.24, 20000, ' ', 0, 0, 0, 0, 0, 0, 0, 'Saint St', 1, 90212, 20, 0, 0, 0, 0, 0),
(1386, 1164.45, -1319.1, 14.24, 15000, '', 0, 0, 0, 0, 0, 0, 2, 'Saint St', 2, 90212, 15, 0, 0, 0, 0, 0),
(1387, 1172.01, -1319.08, 18.0003, 15000, '', 0, 0, 0, 0, 0, 0, 8, 'Saint St', 3, 90212, 15, 0, 0, 0, 0, 0),
(1388, 1164.45, -1319.04, 18.0003, 15000, ' ', 0, 0, 0, 0, 0, 0, 13, 'Saint St', 4, 90212, 15, 0, 0, 0, 0, 0),
(1389, 2443.43, 61.763, 28.4416, 35000, '', 0, 0, 0, 0, 0, 0, 49, 'Crest St', 288, 90208, 15, 0, 0, 0, 0, 0),
(1390, 2413.59, 61.7619, 28.4416, 35000, '', 0, 0, 0, 0, 0, 0, 50, 'Crest St', 290, 90208, 15, 0, 0, 0, 0, 0),
(1395, 315.819, -1769.43, 4.62188, 50000, 'Ricardo_Mendoza', 0, 0, 0, 0, 0, 0, 34, 'Santa Maria Beach', 1, 90213, 12, 0, 497, 0, 0, 0),
(1396, -357.932, 2239.28, 42.4844, 35000, '', 0, 0, 0, 0, 0, 0, 9, 'Vacated Lot', 11, 90206, 100, 0, 0, 0, 0, 0),
(1397, -357.966, 2239.37, 42.4844, 35000, '', 0, 0, 0, 0, 0, 0, 9, 'Vacant Lot', 11, 90206, 100, 0, 0, 0, 0, 0),
(1400, 1803.56, -2011.34, 14.5492, 45000, '', 0, 0, 0, 0, 0, 0, 5, 'Aces Street', 13, 90218, 200, 0, 0, 0, 0, 0),
(1401, 1805.59, -1989.98, 13.6137, 40000, '', 0, 0, 0, 0, 0, 0, 7, 'Aces Street', 14, 90218, 300, 0, 0, 0, 0, 0),
(1404, 2150.56, -1419.06, 25.9219, 20000, ' ', 0, 0, 0, 0, 0, 0, 6, 'Guateamo Avenu', 10, 90218, 50, 0, 0, 0, 0, 0),
(1405, 1140.07, -1039.78, 1001.08, 25000, 'Norman_Jones', 0, 0, 0, 0, 0, 0, 24, 'IW Apartment', 105, 90218, 50, 0, 0, 0, 0, 0),
(1406, -1061.03, -1205.44, 129.756, 100000, '', 0, 0, 0, 0, 0, 0, 7, 'Paradise Farms', 134, 90207, 400, 0, 0, 0, 0, 0),
(1407, 1332.2, -633.178, 109.127, 100, 'Lance_Brown', 0, 0, 0, 0, 0, 0, 55, 'Pucan 96', 65432, 90209, 25, 0, 0, 0, 0, 0),
(1409, 989.59, -828.498, 95.4686, 125000, 'Edward_Martinez', 0, 0, 0, 0, 0, 0, 20, 'Rich. St', 8097, 90210, 125, 0, 0, 0, 0, 0),
(1410, 1678.52, 2690.76, 10.8203, 50000, 'Daequan_Vasquez', 0, 0, 0, 0, 0, 0, 34, 'Prickle Pine', 1337, 90206, 15, 0, 0, 0, 0, 0),
(1412, 251.417, -1220.22, 76.1024, 150000, 'Besnik_Berisha', 0, 0, 0, 0, 0, 0, 34, 'Richman Rd', 2141, 90210, 15, 0, 0, 0, 0, 0),
(1413, 937.664, -848.318, 93.6409, 125000, '', 0, 0, 0, 0, 0, 0, 20, 'Mulholland', 43, 90209, 25, 0, 0, 0, 0, 0),
(1414, 850.058, -1520, 14.3509, 50000, 'Deshawn_Nelson', 0, 0, 0, 0, 0, 0, 31, 'Marina', 23, 90213, 25, 0, 0, 0, 0, 0),
(1415, 2383.2, -1762.85, 16.8242, 15000, 'Sophia_Figuerda', 0, 0, 0, 0, 0, 0, 38, 'Ganton 75467', 68536, 90218, 25, 0, 0, 0, 0, 0),
(1416, 2383.44, -1771.7, 16.8242, 15000, '', 0, 0, 0, 0, 0, 0, 1, 'Ganton', 21, 90217, 15, 0, 0, 0, 0, 0);

-- --------------------------------------------------------

--
-- Table structure for table `samp_items`
--

CREATE TABLE IF NOT EXISTS `samp_items` (
  `id` int(11) NOT NULL AUTO_INCREMENT,
  `owner` varchar(25) NOT NULL,
  `item` int(11) NOT NULL,
  `var` int(11) NOT NULL,
  `active` int(11) NOT NULL,
  `serial` int(11) NOT NULL,
  `buyer` varchar(25) NOT NULL,
  PRIMARY KEY (`id`)
) ENGINE=InnoDB DEFAULT CHARSET=latin1 AUTO_INCREMENT=1 ;

-- --------------------------------------------------------

--
-- Table structure for table `samp_jails`
--

CREATE TABLE IF NOT EXISTS `samp_jails` (
  `id` int(10) unsigned NOT NULL AUTO_INCREMENT,
  `user` varchar(25) NOT NULL,
  `reason` text NOT NULL,
  `checkpoints` int(11) NOT NULL,
  `admin` varchar(25) NOT NULL,
  PRIMARY KEY (`id`)
) ENGINE=InnoDB DEFAULT CHARSET=latin1 AUTO_INCREMENT=1 ;

-- --------------------------------------------------------

--
-- Table structure for table `samp_kicks`
--

CREATE TABLE IF NOT EXISTS `samp_kicks` (
  `user` varchar(25) NOT NULL,
  `reason` text NOT NULL,
  `admin` varchar(25) NOT NULL,
  `date` datetime NOT NULL,
  `ip` varchar(17) NOT NULL
) ENGINE=InnoDB DEFAULT CHARSET=latin1;

-- --------------------------------------------------------

--
-- Table structure for table `samp_lockers`
--

CREATE TABLE IF NOT EXISTS `samp_lockers` (
  `id` int(11) NOT NULL AUTO_INCREMENT,
  `user` varchar(24) NOT NULL,
  `faction` int(11) NOT NULL,
  `item` int(11) NOT NULL,
  `var` int(11) NOT NULL,
  PRIMARY KEY (`id`),
  UNIQUE KEY `id` (`id`)
) ENGINE=InnoDB DEFAULT CHARSET=latin1 AUTO_INCREMENT=1 ;

-- --------------------------------------------------------

--
-- Table structure for table `samp_log`
--

CREATE TABLE IF NOT EXISTS `samp_log` (
  `id` int(10) unsigned NOT NULL AUTO_INCREMENT,
  `title` varchar(50) DEFAULT NULL,
  `log` text NOT NULL,
  `date` datetime NOT NULL,
  `ip` varchar(17) NOT NULL,
  PRIMARY KEY (`id`)
) ENGINE=InnoDB DEFAULT CHARSET=latin1 AUTO_INCREMENT=1 ;

-- --------------------------------------------------------

--
-- Table structure for table `samp_masks`
--

CREATE TABLE IF NOT EXISTS `samp_masks` (
  `maskID` int(11) NOT NULL,
  `user` varchar(24) NOT NULL
) ENGINE=InnoDB DEFAULT CHARSET=latin1;

-- --------------------------------------------------------

--
-- Table structure for table `samp_payday`
--

CREATE TABLE IF NOT EXISTS `samp_payday` (
  `user` varchar(25) CHARACTER SET latin1 NOT NULL,
  `date` datetime NOT NULL,
  `paycheck` int(11) NOT NULL
) ENGINE=InnoDB DEFAULT CHARSET=utf8;

-- --------------------------------------------------------

--
-- Table structure for table `samp_paylog`
--

CREATE TABLE IF NOT EXISTS `samp_paylog` (
  `user` varchar(25) CHARACTER SET latin1 NOT NULL,
  `target` varchar(25) CHARACTER SET latin1 NOT NULL,
  `date` datetime NOT NULL,
  `paycheck` int(11) NOT NULL
) ENGINE=InnoDB DEFAULT CHARSET=utf8;

-- --------------------------------------------------------

--
-- Table structure for table `samp_registrations`
--

CREATE TABLE IF NOT EXISTS `samp_registrations` (
  `account` varchar(25) CHARACTER SET latin1 NOT NULL,
  `ip` varchar(25) CHARACTER SET latin1 NOT NULL,
  `approver` varchar(25) CHARACTER SET latin1 NOT NULL,
  `date` date NOT NULL
) ENGINE=InnoDB DEFAULT CHARSET=utf8;

-- --------------------------------------------------------

--
-- Table structure for table `samp_reserved_skins`
--

CREATE TABLE IF NOT EXISTS `samp_reserved_skins` (
  `faction` int(11) NOT NULL,
  `skin` int(11) NOT NULL
) ENGINE=InnoDB DEFAULT CHARSET=latin1;

-- --------------------------------------------------------

--
-- Table structure for table `samp_settings`
--

CREATE TABLE IF NOT EXISTS `samp_settings` (
  `maskID` int(11) NOT NULL,
  `plateNumber` int(11) NOT NULL,
  `plateLetter1` int(11) NOT NULL,
  `plateLetter2` int(11) NOT NULL,
  `plateLetter3` int(11) NOT NULL,
  `phone` int(11) NOT NULL
) ENGINE=InnoDB DEFAULT CHARSET=latin1;

--
-- Dumping data for table `samp_settings`
--

INSERT INTO `samp_settings` (`maskID`, `plateNumber`, `plateLetter1`, `plateLetter2`, `plateLetter3`, `phone`) VALUES
(10946, 258, 3, 25, 12, 2514974);

-- --------------------------------------------------------

--
-- Table structure for table `samp_skins`
--

CREATE TABLE IF NOT EXISTS `samp_skins` (
  `owner` varchar(25) NOT NULL,
  `skin` int(11) NOT NULL
) ENGINE=InnoDB DEFAULT CHARSET=latin1;

-- --------------------------------------------------------

--
-- Table structure for table `samp_tickets`
--

CREATE TABLE IF NOT EXISTS `samp_tickets` (
  `user` varchar(25) NOT NULL,
  `reason` text NOT NULL,
  `charge` int(11) NOT NULL,
  `date` datetime NOT NULL,
  `issuer` text NOT NULL,
  `agency` text NOT NULL,
  `timestamp` int(11) NOT NULL
) ENGINE=InnoDB DEFAULT CHARSET=latin1;

-- --------------------------------------------------------

--
-- Table structure for table `samp_trunks`
--

CREATE TABLE IF NOT EXISTS `samp_trunks` (
  `vehicle` int(11) NOT NULL,
  `item` int(11) NOT NULL,
  `var` int(11) NOT NULL,
  `id` int(11) NOT NULL AUTO_INCREMENT,
  PRIMARY KEY (`id`),
  UNIQUE KEY `id` (`id`)
) ENGINE=InnoDB DEFAULT CHARSET=latin1 AUTO_INCREMENT=1 ;

-- --------------------------------------------------------

--
-- Table structure for table `samp_usednames`
--

CREATE TABLE IF NOT EXISTS `samp_usednames` (
  `user` varchar(25) NOT NULL
) ENGINE=InnoDB DEFAULT CHARSET=latin1;

-- --------------------------------------------------------

--
-- Table structure for table `samp_users`
--

CREATE TABLE IF NOT EXISTS `samp_users` (
  `id` int(10) unsigned NOT NULL AUTO_INCREMENT,
  `user` varchar(25) NOT NULL,
  `password` varchar(129) NOT NULL,
  `money` int(11) NOT NULL,
  `adminlevel` mediumint(11) NOT NULL DEFAULT '0',
  `skin` int(11) NOT NULL,
  `walkstyle` int(11) NOT NULL DEFAULT '0',
  `chatstyle` int(11) NOT NULL DEFAULT '0',
  `age` int(11) NOT NULL,
  `renthouse` int(11) DEFAULT NULL,
  `banned` int(11) NOT NULL,
  `ip` varchar(17) NOT NULL,
  `score` int(11) NOT NULL,
  `faction` int(11) NOT NULL,
  `rank` int(11) NOT NULL,
  `drivelic` int(11) NOT NULL,
  `bank` int(11) NOT NULL,
  `health` float NOT NULL,
  `armour` float NOT NULL,
  `pAJCPs` int(11) NOT NULL,
  `weaponlic` int(11) NOT NULL,
  `7clips` int(11) NOT NULL,
  `rounds` int(11) NOT NULL,
  `weapon` int(11) NOT NULL,
  `ammo` int(11) NOT NULL,
  `weaponinv` int(11) NOT NULL,
  `invammo` int(11) NOT NULL,
  `number` int(11) NOT NULL,
  `fish` int(11) NOT NULL,
  `job` int(11) NOT NULL,
  `modlevel` int(11) NOT NULL,
  `paycheck` int(11) NOT NULL,
  `30clips` int(11) NOT NULL,
  `weaponinv2` int(11) NOT NULL,
  `invammo2` int(11) NOT NULL,
  `jobtime` int(11) NOT NULL,
  `arresttime` int(11) NOT NULL,
  `PayTimer` int(11) NOT NULL,
  `dice` int(11) NOT NULL,
  `staffpassword` text NOT NULL,
  `bankcard` int(11) NOT NULL,
  `bankorderscore` int(11) NOT NULL,
  `gascan` int(11) NOT NULL,
  `gasliters` int(11) NOT NULL,
  `radioobj` int(11) NOT NULL,
  `notepad` int(11) NOT NULL,
  `cigarettes` int(11) NOT NULL,
  `lighter` int(11) NOT NULL,
  `52card` int(11) NOT NULL,
  `badge` int(11) NOT NULL,
  `weaponinv3` int(11) NOT NULL,
  `invammo3` int(11) NOT NULL,
  `weaponinv4` int(11) NOT NULL,
  `invammo4` int(11) NOT NULL,
  `pDisX` float NOT NULL,
  `pDisY` float NOT NULL,
  `pDisZ` float NOT NULL,
  `pDisA` float NOT NULL,
  `pDisInt` int(11) NOT NULL,
  `pDisVW` int(11) NOT NULL,
  `pTrainticket` int(11) NOT NULL,
  `gender` int(11) NOT NULL,
  `spawnLoc` int(11) NOT NULL,
  `pForumName` varchar(30) NOT NULL,
  `salt` text NOT NULL,
  `pFine` int(11) NOT NULL,
  `pSavings` int(11) NOT NULL,
  `pTaxiLic` int(11) NOT NULL,
  `pAirplaneLic` int(11) NOT NULL,
  `duty` int(11) NOT NULL,
  `namechanges` int(11) NOT NULL,
  `weed` int(11) NOT NULL,
  `cocaine` int(11) NOT NULL,
  `ecstasy` int(11) NOT NULL,
  `crack` int(11) NOT NULL,
  `heroin` int(11) NOT NULL,
  `weed-seeds` int(11) NOT NULL,
  `opium-seeds` int(11) NOT NULL,
  `fertilizer` int(11) NOT NULL,
  `raw-opium` int(11) NOT NULL,
  `cuffed` int(11) NOT NULL,
  `donate-rank` int(11) NOT NULL,
  `donate-year` int(11) NOT NULL,
  `donate-month` int(11) NOT NULL,
  `donate-day` int(11) NOT NULL,
  `carbomb` int(11) NOT NULL,
  `scrap-wait` int(11) NOT NULL,
  `loaned` int(11) NOT NULL,
  `loancash` int(11) NOT NULL,
  `maskID` int(11) NOT NULL,
  `prisoned` int(11) NOT NULL,
  `prison-time` int(11) NOT NULL,
  `swat` int(11) NOT NULL,
  `swat-cooldown` int(11) NOT NULL,
  `weed-a` int(11) NOT NULL,
  `coke-a` int(11) NOT NULL,
  `ecstasy-a` int(11) NOT NULL,
  `crack-a` int(11) NOT NULL,
  `heroin-a` int(11) NOT NULL,
  `freq` int(11) NOT NULL,
  `activated` int(11) NOT NULL,
  PRIMARY KEY (`id`)
) ENGINE=InnoDB DEFAULT CHARSET=latin1 AUTO_INCREMENT=1 ;

-- --------------------------------------------------------

--
-- Table structure for table `samp_vehicles`
--

CREATE TABLE IF NOT EXISTS `samp_vehicles` (
  `id` int(11) NOT NULL,
  `owner` varchar(25) NOT NULL,
  `vehicle` int(11) NOT NULL,
  `color1` int(11) NOT NULL,
  `color2` int(11) NOT NULL,
  `x` float NOT NULL,
  `y` float NOT NULL,
  `z` float NOT NULL,
  `a` float NOT NULL,
  `fuel` int(11) NOT NULL,
  `health` float NOT NULL,
  `plate` varchar(20) NOT NULL,
  `fish` int(11) NOT NULL,
  `timestamp` int(11) NOT NULL,
  `rentHours` int(11) NOT NULL,
  `rented` int(11) NOT NULL,
  `paintjob` int(11) NOT NULL,
  `spoiler` int(11) NOT NULL,
  `hood` int(11) NOT NULL,
  `roof` int(11) NOT NULL,
  `sideskirt` int(11) NOT NULL,
  `lamps` int(11) NOT NULL,
  `nitro` int(11) NOT NULL,
  `exhaust` int(11) NOT NULL,
  `wheels` int(11) NOT NULL,
  `stereo` int(11) NOT NULL,
  `hydraulics` int(11) NOT NULL,
  `front_bumper` int(11) NOT NULL,
  `rear_bumper` int(11) NOT NULL,
  `vent_right` int(11) NOT NULL,
  `vent_left` int(11) NOT NULL,
  `panels` int(11) NOT NULL,
  `doors` int(11) NOT NULL,
  `lights` int(11) NOT NULL,
  `tires` int(11) NOT NULL,
  `bomb` int(11) NOT NULL,
  `insurance` int(11) NOT NULL,
  `scrapped` int(11) NOT NULL,
  `locktype` int(11) NOT NULL
) ENGINE=InnoDB DEFAULT CHARSET=latin1;

-- --------------------------------------------------------

--
-- Table structure for table `samp_warrants`
--

CREATE TABLE IF NOT EXISTS `samp_warrants` (
  `user` varchar(25) NOT NULL,
  `reason` text NOT NULL,
  `date` datetime NOT NULL,
  `issuer` text NOT NULL,
  `agency` text NOT NULL,
  `timestamp` int(11) NOT NULL
) ENGINE=InnoDB DEFAULT CHARSET=latin1;

-- --------------------------------------------------------

--
-- Table structure for table `samp_weapons`
--

CREATE TABLE IF NOT EXISTS `samp_weapons` (
  `id` int(11) NOT NULL,
  `owner` varchar(25) CHARACTER SET latin1 NOT NULL,
  `date` datetime NOT NULL
) ENGINE=InnoDB DEFAULT CHARSET=utf8;

/*!40101 SET CHARACTER_SET_CLIENT=@OLD_CHARACTER_SET_CLIENT */;
/*!40101 SET CHARACTER_SET_RESULTS=@OLD_CHARACTER_SET_RESULTS */;
/*!40101 SET COLLATION_CONNECTION=@OLD_COLLATION_CONNECTION */;
